ID;s;constellation;Q;mu;-K;K^4;g;
1;2;[4, 3];[[1,1,1,1,0,0,0],[0,0,0,0,1,1,1]];[1,1];[3,2];432;T[1]*T[6]+T[2]*T[5]+T[4]*T[7];
2;2;[4, 3];[[1,1,1,1,0,0,0],[0,0,0,0,1,1,1]];[2,1];[2,2];256;T[1]^2*T[6]+T[2]*T[3]*T[7]+T[4]^2*T[5];
3;2;[4, 3];[[1,1,1,1,0,0,0],[0,0,0,0,1,1,1]];[2,1];[2,2];256;T[1]^2*T[6]+T[3]^2*T[7]+T[4]^2*T[5];
4;2;[4, 3];[[1,1,1,1,0,0,0],[0,0,0,0,1,1,1]];[3,1];[1,2];80;T[1]^3*T[7]+T[3]^3*T[5]+T[4]^3*T[6];
5;2;[4, 3];[[1,1,1,1,0,0,0],[0,0,0,0,1,1,1]];[3,1];[1,2];80;T[1]^3*T[5]+T[2]^2*T[4]*T[6]+T[3]^3*T[7];
6;2;[4, 3];[[1,1,1,1,0,0,0],[0,0,0,0,1,1,1]];[1,2];[3,1];270;T[1]*T[6]^2+T[2]*T[7]^2+T[3]*T[5]^2;
7;2;[4, 3];[[1,1,1,1,0,0,0],[0,0,0,0,1,1,1]];[3,2];[1,1];26;T[1]^3*T[7]^2+T[2]^3*T[6]^2+T[3]^2*T[4]*T[5]^2;
8;2;[4, 3];[[1,1,1,1,0,0,0],[0,0,0,0,1,1,1]];[3,2];[1,1];26;T[1]^3*T[5]^2+T[3]^3*T[6]^2+T[4]^3*T[7]^2;
9;2;[5, 2];[[1,1,1,1,3,0,0],[0,0,0,0,0,1,1]];[6,0];[1,2];16;T[1]^3*T[3]^3+T[2]^5*T[4]+T[5]^2;
10;2;[5, 2];[[1,1,1,1,3,0,0],[0,0,0,0,0,1,1]];[6,0];[1,2];16;T[1]*T[4]^5+T[2]^5*T[3]+T[5]^2;
11;2;[5, 2];[[1,1,1,2,3,0,0],[0,0,0,0,0,1,1]];[6,0];[2,2];64;T[1]^4*T[2]*T[3]+T[4]^3+T[5]^2;
12;2;[5, 2];[[1,1,1,2,3,0,0],[0,0,0,0,0,1,1]];[6,0];[2,2];64;T[1]^5*T[3]+T[4]^3+T[5]^2;
13;2;[5, 2];[[1,1,1,2,3,0,0],[0,0,0,0,0,1,1]];[6,0];[2,2];64;T[1]^3*T[2]^2*T[3]+T[4]^3+T[5]^2;
14;2;[5, 2];[[1,1,1,1,2,0,0],[0,0,0,0,0,1,1]];[4,0];[2,2];128;T[1]*T[3]^3+T[2]^3*T[4]+T[5]^2;
15;2;[5, 2];[[1,1,1,1,1,0,0],[0,0,0,0,0,1,1]];[2,0];[3,2];432;T[1]*T[3]+T[2]*T[5]+T[4]^2;
16;2;[5, 2];[[1,1,1,1,1,0,0],[0,0,0,0,0,1,1]];[3,0];[2,2];192;T[1]^2*T[4]+T[2]^2*T[5]+T[3]^3;
17;2;[5, 2];[[1,1,1,1,1,0,0],[0,0,0,0,0,1,1]];[4,0];[1,2];32;T[1]^3*T[2]+T[3]^3*T[4]+T[5]^4;
18;2;[4, 3];[[1,1,2,3,0,0,0],[0,0,0,0,1,1,1]];[6,0];[1,3];54;T[1]^5*T[2]+T[3]^3+T[4]^2;
19;3;[4, 2, 1];[[1,1,1,1,0,0,-1],[0,0,0,0,1,1,1]];[1,1];[2,2];416;T[2]^2*T[7]+T[1]*T[5]+T[3]*T[6];
20;3;[4, 2, 1];[[1,1,1,1,0,0,-1],[0,0,0,0,1,1,1]];[1,1];[2,2];416;T[3]*T[4]*T[7]+T[1]*T[6]+T[2]*T[5];
21;3;[4, 2, 1];[[1,1,1,1,0,0,-1],[0,0,0,0,1,1,1]];[1,2];[2,1];163;T[2]*T[3]^2*T[7]^2+T[1]*T[5]^2+T[4]*T[6]^2;
22;3;[4, 2, 1];[[1,1,1,1,0,0,-1],[0,0,0,0,1,1,1]];[1,2];[2,1];163;T[3]^3*T[7]^2+T[2]*T[5]^2+T[4]*T[6]^2;
23;3;[4, 2, 1];[[1,1,1,1,0,0,-1],[0,0,0,0,1,1,1]];[2,1];[1,2];224;T[1]^2*T[3]*T[7]+T[2]^2*T[6]+T[4]^2*T[5];
24;3;[4, 2, 1];[[1,1,1,1,0,0,-1],[0,0,0,0,1,1,1]];[2,1];[1,2];224;T[3]^3*T[7]+T[2]^2*T[5]+T[4]^2*T[6];
25;3;[4, 2, 1];[[1,1,1,1,0,0,-1],[0,0,0,0,1,1,1]];[2,1];[1,2];224;T[4]^3*T[7]+T[1]*T[3]*T[5]+T[2]^2*T[6];
26;3;[4, 2, 1];[[1,1,1,1,0,0,-2],[0,0,0,0,1,1,1]];[1,1];[1,2];464;T[4]^3*T[7]+T[2]*T[5]+T[3]*T[6];
27;3;[4, 2, 1];[[1,1,1,1,0,0,-2],[0,0,0,0,1,1,1]];[1,1];[1,2];464;T[3]^2*T[4]*T[7]+T[1]*T[6]+T[2]*T[5];
28;3;[4, 2, 1];[[1,1,1,1,0,0,-2],[0,0,0,0,1,1,1]];[1,2];[1,1];98;T[1]^4*T[3]*T[7]^2+T[2]*T[5]^2+T[4]*T[6]^2;
29;3;[4, 2, 1];[[1,1,1,1,0,0,-2],[0,0,0,0,1,1,1]];[1,2];[1,1];98;T[1]^3*T[2]^2*T[7]^2+T[3]*T[5]^2+T[4]*T[6]^2;
30;3;[4, 2, 1];[[1,1,1,1,0,0,-2],[0,0,0,0,1,1,1]];[1,2];[1,1];98;T[4]^5*T[7]^2+T[2]*T[6]^2+T[3]*T[5]^2;
31;3;[4, 1, 2];[[1,1,1,1,1,0,0],[0,0,0,0,1,1,1]];[2,1];[3,2];352;T[1]*T[4]*T[6]+T[3]^2*T[7]+T[2]*T[5];
32;3;[4, 1, 2];[[1,1,1,1,1,0,0],[0,0,0,0,1,1,1]];[2,1];[3,2];352;T[1]^2*T[7]+T[4]^2*T[6]+T[3]*T[5];
33;3;[4, 1, 2];[[1,1,1,1,1,0,0],[0,0,0,0,1,1,1]];[3,2];[2,1];81;T[1]^3*T[7]^2+T[2]^2*T[4]*T[6]^2+T[3]*T[5]^2;
34;3;[4, 1, 2];[[1,1,1,1,1,0,0],[0,0,0,0,1,1,1]];[3,2];[2,1];81;T[3]^3*T[6]^2+T[4]^3*T[7]^2+T[1]*T[5]^2;
35;3;[1, 3, 3];[[1,1,1,1,0,0,0],[-1,0,0,0,1,1,1]];[3,1];[1,1];38;T[1]^3*T[7]^4+T[2]^3*T[6]+T[3]*T[4]^2*T[5];
36;3;[1, 3, 3];[[1,1,1,1,0,0,0],[-1,0,0,0,1,1,1]];[3,1];[1,1];38;T[2]^3*T[5]+T[3]^3*T[7]+T[4]^3*T[6];
37;3;[1, 3, 3];[[1,1,1,1,0,0,0],[-1,0,0,0,1,1,1]];[3,1];[1,1];38;T[1]*T[3]^2*T[5]^2+T[2]^3*T[6]+T[4]^3*T[7];
38;3;[1, 3, 3];[[1,1,1,1,0,0,0],[-1,0,0,0,1,1,1]];[3,1];[1,1];38;T[1]^3*T[7]^4+T[2]^3*T[5]+T[4]^3*T[6];
39;3;[1, 3, 3];[[1,1,1,1,0,0,0],[-1,0,0,0,1,1,1]];[3,1];[1,1];38;T[1]^2*T[3]*T[6]^3+T[2]^3*T[7]+T[4]^3*T[5];
40;3;[1, 3, 3];[[1,1,1,1,0,0,0],[-1,0,0,0,1,1,1]];[2,1];[2,1];192;T[1]*T[4]*T[5]^2+T[2]^2*T[7]+T[3]^2*T[6];
41;3;[1, 3, 3];[[1,1,1,1,0,0,0],[-1,0,0,0,1,1,1]];[2,1];[2,1];192;T[1]^2*T[7]^3+T[2]*T[4]*T[6]+T[3]^2*T[5];
42;3;[1, 3, 3];[[1,1,1,1,0,0,0],[-1,0,0,0,1,1,1]];[2,1];[2,1];192;T[2]^2*T[7]+T[3]^2*T[5]+T[4]^2*T[6];
43;3;[1, 3, 3];[[1,1,1,1,0,0,0],[-1,0,0,0,1,1,1]];[2,1];[2,1];192;T[1]^2*T[6]^3+T[3]^2*T[7]+T[4]^2*T[5];
44;3;[1, 3, 3];[[1,1,1,1,0,0,0],[-1,0,0,0,1,1,1]];[1,1];[3,1];432;T[1]*T[5]^2+T[3]*T[6]+T[4]*T[7];
45;3;[1, 3, 3];[[1,1,1,1,0,0,0],[-1,0,0,0,1,1,1]];[1,1];[3,1];432;T[2]*T[7]+T[3]*T[5]+T[4]*T[6];
46;3;[2, 2, 3];[[1,1,1,1,0,0,0],[0,0,1,1,1,1,1]];[2,2];[2,3];272;T[1]^2*T[5]*T[7]+T[2]*T[4]*T[6]+T[3]^2;
47;3;[2, 2, 3];[[1,1,1,1,0,0,0],[0,0,1,1,1,1,1]];[2,2];[2,3];272;T[1]^2*T[6]*T[7]+T[2]^2*T[5]^2+T[3]*T[4];
48;3;[2, 2, 3];[[1,1,1,1,0,0,0],[0,0,1,1,1,1,1]];[3,3];[1,2];51;T[2]^3*T[5]*T[6]^2+T[1]*T[4]^2*T[7]+T[3]^3;
49;3;[2, 2, 3];[[1,1,1,1,0,0,0],[0,0,1,1,1,1,1]];[3,3];[1,2];51;T[2]^3*T[5]^2*T[7]+T[1]^2*T[4]*T[6]^2+T[3]^3;
50;3;[2, 2, 3];[[1,1,1,1,0,0,0],[0,0,1,1,1,1,1]];[3,3];[1,2];51;T[1]^3*T[6]*T[7]^2+T[2]^3*T[5]^3+T[3]*T[4]^2;
51;3;[2, 2, 3];[[1,1,1,2,0,0,0],[0,0,1,2,1,1,1]];[4,4];[1,2];34;T[2]^4*T[6]*T[7]^3+T[1]*T[3]^3*T[5]+T[4]^2;
52;3;[2, 2, 3];[[1,1,1,2,0,0,0],[0,0,1,2,1,1,1]];[4,4];[1,2];34;T[2]^4*T[5]^3*T[6]+T[1]^3*T[3]*T[7]^3+T[4]^2;
53;3;[2, 2, 3];[[1,1,2,3,0,0,0],[0,0,2,3,1,1,1]];[6,6];[1,2];17;T[1]*T[2]^5*T[5]*T[6]*T[7]^4+T[3]^3+T[4]^2;
54;3;[2, 2, 3];[[1,1,2,3,0,0,0],[0,0,2,3,1,1,1]];[6,6];[1,2];17;T[1]*T[2]^5*T[5]^3*T[6]*T[7]^2+T[3]^3+T[4]^2;
55;3;[2, 2, 3];[[1,1,2,3,0,0,0],[0,0,2,3,1,1,1]];[6,6];[1,2];17;T[1]*T[2]^5*T[5]*T[7]^5+T[3]^3+T[4]^2;
56;3;[2, 2, 3];[[1,1,2,3,0,0,0],[0,0,2,3,1,1,1]];[6,6];[1,2];17;T[1]^2*T[2]^4*T[5]*T[6]^5+T[3]^3+T[4]^2;
57;3;[2, 2, 3];[[1,1,2,3,0,0,0],[0,0,2,3,1,1,1]];[6,6];[1,2];17;T[1]^6*T[5]^5*T[6]+T[3]^3+T[4]^2;
58;3;[2, 2, 3];[[1,1,2,3,0,0,0],[0,0,2,3,1,1,1]];[6,6];[1,2];17;T[1]^2*T[2]^4*T[5]^3*T[7]^3+T[3]^3+T[4]^2;
59;3;[2, 2, 3];[[1,1,2,3,0,0,0],[0,0,2,3,1,1,1]];[6,6];[1,2];17;T[1]^6*T[5]^2*T[6]*T[7]^3+T[3]^3+T[4]^2;
60;3;[2, 2, 3];[[1,1,2,3,0,0,0],[0,0,2,3,1,1,1]];[6,6];[1,2];17;T[1]^6*T[5]^4*T[6]*T[7]+T[3]^3+T[4]^2;
61;3;[2, 2, 3];[[1,1,2,3,0,0,0],[0,0,2,3,1,1,1]];[6,6];[1,2];17;T[1]^3*T[2]^3*T[5]^2*T[6]*T[7]^3+T[3]^3+T[4]^2;
62;3;[2, 2, 3];[[1,1,2,3,0,0,0],[0,0,2,3,1,1,1]];[6,6];[1,2];17;T[1]^4*T[2]^2*T[5]^3*T[6]*T[7]^2+T[3]^3+T[4]^2;
63;3;[2, 2, 3];[[1,1,2,3,0,0,0],[0,0,2,3,1,1,1]];[6,6];[1,2];17;T[1]^5*T[2]*T[5]^4*T[6]^2+T[3]^3+T[4]^2;
64;3;[2, 2, 3];[[1,1,2,3,0,0,0],[0,0,2,3,1,1,1]];[6,6];[1,2];17;T[1]^5*T[2]*T[5]^2*T[6]^2*T[7]^2+T[3]^3+T[4]^2;
65;3;[2, 2, 3];[[1,1,2,3,0,0,0],[0,0,2,3,1,1,1]];[6,6];[1,2];17;T[1]^3*T[2]^3*T[5]^5*T[6]+T[3]^3+T[4]^2;
66;3;[2, 2, 3];[[1,1,2,3,0,0,0],[0,0,2,3,1,1,1]];[6,6];[1,2];17;T[1]^3*T[2]^3*T[5]^2*T[7]^4+T[3]^3+T[4]^2;
67;3;[2, 2, 3];[[1,1,2,3,0,0,0],[0,0,2,3,1,1,1]];[6,6];[1,2];17;T[1]*T[2]^5*T[7]^6+T[3]^3+T[4]^2;
68;3;[2, 2, 3];[[1,1,2,3,0,0,0],[0,0,2,3,1,1,1]];[6,6];[1,2];17;T[1]^2*T[2]^4*T[5]^4*T[6]*T[7]+T[3]^3+T[4]^2;
69;3;[2, 2, 3];[[1,1,2,3,0,0,0],[0,0,2,3,1,1,1]];[6,6];[1,2];17;T[1]*T[2]^5*T[5]^3*T[6]^3+T[3]^3+T[4]^2;
70;3;[2, 2, 3];[[1,1,2,3,0,0,0],[0,0,2,3,1,1,1]];[6,6];[1,2];17;T[1]^3*T[2]^3*T[5]*T[6]*T[7]^4+T[3]^3+T[4]^2;
71;3;[2, 2, 3];[[1,1,2,3,0,0,0],[0,0,2,3,1,1,1]];[6,6];[1,2];17;T[1]^3*T[2]^3*T[5]^2*T[6]^2*T[7]^2+T[3]^3+T[4]^2;
72;3;[2, 1, 4];[[1,1,1,0,0,0,0],[0,0,1,1,1,1,1]];[2,2];[1,3];216;T[1]^2*T[4]*T[7]+T[2]^2*T[5]*T[6]+T[3]^2;
73;3;[2, 1, 4];[[1,1,1,0,0,0,0],[0,0,2,1,1,1,1]];[2,4];[1,2];64;T[1]^2*T[4]*T[6]^3+T[2]^2*T[5]*T[7]^3+T[3]^2;
74;3;[2, 1, 4];[[1,1,1,0,0,0,0],[0,0,3,1,1,1,1]];[2,6];[1,1];8;T[1]^2*T[5]^5*T[7]+T[2]^2*T[4]*T[6]^5+T[3]^2;
75;3;[2, 1, 4];[[1,1,1,0,0,0,0],[0,0,3,1,1,1,1]];[2,6];[1,1];8;T[1]^2*T[5]^5*T[6]+T[2]^2*T[4]^3*T[7]^3+T[3]^2;
76;3;[2, 1, 4];[[1,1,1,0,0,0,0],[0,0,3,1,1,1,1]];[2,6];[1,1];8;T[1]^2*T[6]^3*T[7]^3+T[2]^2*T[4]^3*T[5]^3+T[3]^2;
77;3;[3, 1, 3];[[1,1,1,1,0,0,0],[0,0,0,1,1,1,1]];[2,2];[2,2];192;T[1]*T[3]*T[7]^2+T[2]^2*T[5]*T[6]+T[4]^2;
78;3;[3, 1, 3];[[1,1,1,1,0,0,0],[0,0,0,1,1,1,1]];[3,3];[1,1];18;T[1]^3*T[5]*T[6]^2+T[2]*T[3]^2*T[7]^3+T[4]^3;
79;3;[3, 1, 3];[[1,1,1,2,0,0,0],[0,0,0,1,1,1,1]];[4,2];[1,2];48;T[1]^3*T[2]*T[5]^2+T[3]^4*T[6]*T[7]+T[4]^2;
80;3;[3, 1, 3];[[1,1,1,2,0,0,0],[0,0,0,2,1,1,1]];[4,4];[1,1];12;T[1]*T[2]^3*T[7]^4+T[3]^4*T[5]^3*T[6]+T[4]^2;
81;3;[1, 4, 2];[[1,1,1,1,1,0,0],[0,1,1,1,1,1,1]];[2,2];[3,4];378;T[1]*T[2]*T[7]+T[3]^2+T[4]*T[5];
82;3;[1, 4, 2];[[1,1,1,1,1,0,0],[0,1,1,1,1,1,1]];[2,2];[3,4];378;T[1]^2*T[6]^2+T[2]*T[3]+T[4]*T[5];
83;3;[1, 4, 2];[[1,1,1,1,1,0,0],[0,1,1,1,1,1,1]];[2,2];[3,4];378;T[1]^2*T[6]*T[7]+T[3]*T[5]+T[4]^2;
84;3;[1, 4, 2];[[1,1,1,1,1,0,0],[0,1,1,1,1,1,1]];[2,2];[3,4];378;T[1]^2*T[6]*T[7]+T[2]*T[4]+T[3]*T[5];
85;3;[1, 4, 2];[[1,1,1,1,1,0,0],[0,1,1,1,1,1,1]];[3,3];[2,3];144;T[1]^2*T[5]*T[7]^2+T[2]^2*T[4]+T[3]^3;
86;3;[1, 4, 2];[[1,1,1,1,1,0,0],[0,1,1,1,1,1,1]];[3,3];[2,3];144;T[1]^3*T[6]^2*T[7]+T[2]*T[5]^2+T[3]*T[4]^2;
87;3;[1, 4, 2];[[1,1,1,1,1,0,0],[0,1,1,1,1,1,1]];[3,3];[2,3];144;T[1]^3*T[6]*T[7]^2+T[3]^3+T[4]*T[5]^2;
88;3;[1, 4, 2];[[1,1,1,1,1,0,0],[0,1,1,1,1,1,1]];[3,3];[2,3];144;T[1]*T[5]^2*T[7]+T[2]^3+T[3]*T[4]^2;
89;3;[1, 4, 2];[[1,1,1,1,1,0,0],[0,1,1,1,1,1,1]];[3,3];[2,3];144;T[1]^3*T[6]^3+T[2]^2*T[4]+T[3]^2*T[5];
90;3;[1, 4, 2];[[1,1,1,1,1,0,0],[0,1,1,1,1,1,1]];[3,3];[2,3];144;T[1]^2*T[4]*T[6]*T[7]+T[2]^2*T[3]+T[5]^3;
91;3;[1, 4, 2];[[1,1,1,1,1,0,0],[0,1,1,1,1,1,1]];[3,3];[2,3];144;T[1]^3*T[6]^2*T[7]+T[2]*T[3]*T[5]+T[4]^3;
92;3;[1, 4, 2];[[1,1,1,1,1,0,0],[0,1,1,1,1,1,1]];[4,4];[1,2];20;T[1]^3*T[4]*T[6]^3+T[2]*T[5]^3+T[3]^4;
93;3;[1, 4, 2];[[1,1,1,1,1,0,0],[0,1,1,1,1,1,1]];[4,4];[1,2];20;T[1]^3*T[2]*T[6]^2*T[7]+T[3]^4+T[4]*T[5]^3;
94;3;[1, 4, 2];[[1,1,1,1,1,0,0],[0,1,1,1,1,1,1]];[4,4];[1,2];20;T[1]^4*T[6]*T[7]^3+T[2]*T[5]^3+T[3]^3*T[4];
95;3;[1, 4, 2];[[1,1,1,1,1,0,0],[0,1,1,1,1,1,1]];[4,4];[1,2];20;T[1]^4*T[6]^3*T[7]+T[2]*T[3]^3+T[4]^2*T[5]^2;
96;3;[1, 4, 2];[[1,1,1,1,1,0,0],[0,1,1,1,1,1,1]];[4,4];[1,2];20;T[1]^2*T[2]^2*T[6]*T[7]+T[3]^3*T[5]+T[4]^4;
97;3;[1, 4, 2];[[1,1,1,1,1,0,0],[0,1,1,1,1,1,1]];[4,4];[1,2];20;T[1]*T[5]^3*T[7]+T[2]^3*T[4]+T[3]^4;
98;3;[1, 4, 2];[[1,1,1,1,1,0,0],[0,1,1,1,1,1,1]];[4,4];[1,2];20;T[1]^4*T[6]*T[7]^3+T[2]*T[5]^3+T[4]^4;
99;3;[1, 4, 2];[[1,1,1,1,1,0,0],[0,1,1,1,1,1,1]];[4,4];[1,2];20;T[1]^4*T[6]^2*T[7]^2+T[2]^3*T[4]+T[3]*T[5]^3;
100;3;[1, 4, 2];[[1,1,1,1,1,0,0],[0,1,1,1,1,1,1]];[4,4];[1,2];20;T[1]^4*T[6]^3*T[7]+T[2]*T[3]^2*T[4]+T[5]^4;
101;3;[1, 4, 2];[[1,1,1,1,1,0,0],[0,1,1,1,1,1,1]];[4,4];[1,2];20;T[1]^4*T[6]^4+T[2]*T[3]^3+T[4]*T[5]^3;
102;3;[1, 4, 2];[[1,1,1,1,2,0,0],[0,1,1,1,2,1,1]];[4,4];[2,3];96;T[1]^3*T[4]*T[6]*T[7]^2+T[2]^3*T[3]+T[5]^2;
103;3;[1, 4, 2];[[1,1,1,1,2,0,0],[0,1,1,1,2,1,1]];[4,4];[2,3];96;T[1]*T[2]^3*T[7]+T[3]^3*T[4]+T[5]^2;
104;3;[1, 4, 2];[[1,1,1,1,2,0,0],[0,1,1,1,2,1,1]];[4,4];[2,3];96;T[1]^4*T[6]^3*T[7]+T[2]*T[3]^2*T[4]+T[5]^2;
105;3;[1, 4, 2];[[1,1,1,1,2,0,0],[0,1,1,1,2,1,1]];[4,4];[2,3];96;T[1]^4*T[6]*T[7]^3+T[3]^3*T[4]+T[5]^2;
106;3;[1, 4, 2];[[1,1,1,1,2,0,0],[0,1,1,1,2,1,1]];[4,4];[2,3];96;T[1]^3*T[4]*T[6]^3+T[2]^3*T[3]+T[5]^2;
107;3;[1, 4, 2];[[1,1,1,1,2,0,0],[0,1,1,1,2,1,1]];[4,4];[2,3];96;T[1]^2*T[3]^2*T[6]*T[7]+T[2]*T[4]^3+T[5]^2;
108;3;[1, 4, 2];[[1,1,1,1,3,0,0],[0,1,1,1,3,1,1]];[6,6];[1,2];10;T[1]^5*T[2]*T[7]^5+T[3]*T[4]^5+T[5]^2;
109;3;[1, 4, 2];[[1,1,1,1,3,0,0],[0,1,1,1,3,1,1]];[6,6];[1,2];10;T[1]*T[4]^5*T[7]+T[2]^5*T[3]+T[5]^2;
110;3;[1, 4, 2];[[1,1,1,1,3,0,0],[0,1,1,1,3,1,1]];[6,6];[1,2];10;T[1]^5*T[3]*T[6]^3*T[7]^2+T[2]*T[4]^5+T[5]^2;
111;3;[1, 4, 2];[[1,1,1,1,3,0,0],[0,1,1,1,3,1,1]];[6,6];[1,2];10;T[1]^6*T[6]^5*T[7]+T[2]^3*T[3]^2*T[4]+T[5]^2;
112;3;[1, 4, 2];[[1,1,1,1,3,0,0],[0,1,1,1,3,1,1]];[6,6];[1,2];10;T[1]^5*T[3]*T[6]^5+T[2]^3*T[4]^3+T[5]^2;
113;3;[1, 4, 2];[[1,1,1,1,3,0,0],[0,1,1,1,3,1,1]];[6,6];[1,2];10;T[1]^4*T[2]^2*T[6]*T[7]^3+T[3]^3*T[4]^3+T[5]^2;
114;3;[1, 4, 2];[[1,1,1,1,3,0,0],[0,1,1,1,3,1,1]];[6,6];[1,2];10;T[1]^3*T[3]^3*T[6]^2*T[7]+T[2]^3*T[4]^3+T[5]^2;
115;3;[1, 4, 2];[[1,1,1,1,3,0,0],[0,1,1,1,3,1,1]];[6,6];[1,2];10;T[1]^6*T[6]^3*T[7]^3+T[2]*T[3]*T[4]^4+T[5]^2;
116;3;[1, 4, 2];[[1,1,1,1,3,0,0],[0,1,1,1,3,1,1]];[6,6];[1,2];10;T[1]^5*T[4]*T[6]^4*T[7]+T[2]^3*T[3]^3+T[5]^2;
117;3;[1, 4, 2];[[1,1,1,1,3,0,0],[0,1,1,1,3,1,1]];[6,6];[1,2];10;T[1]^4*T[3]^2*T[6]^3*T[7]+T[2]*T[4]^5+T[5]^2;
118;3;[1, 4, 2];[[1,1,1,1,3,0,0],[0,1,1,1,3,1,1]];[6,6];[1,2];10;T[1]^6*T[6]^5*T[7]+T[3]^5*T[4]+T[5]^2;
119;3;[1, 4, 2];[[1,1,1,1,3,0,0],[0,1,1,1,3,1,1]];[6,6];[1,2];10;T[1]^6*T[6]^3*T[7]^3+T[2]*T[4]^5+T[5]^2;
120;3;[1, 4, 2];[[1,1,1,1,3,0,0],[0,1,1,1,3,1,1]];[6,6];[1,2];10;T[1]^2*T[2]^4*T[6]*T[7]+T[3]^5*T[4]+T[5]^2;
121;3;[1, 4, 2];[[1,1,1,1,3,0,0],[0,1,1,1,3,1,1]];[6,6];[1,2];10;T[1]^3*T[2]^3*T[7]^3+T[3]*T[4]^5+T[5]^2;
122;3;[1, 4, 2];[[1,1,1,1,3,0,0],[0,1,1,1,3,1,1]];[6,6];[1,2];10;T[1]^3*T[4]^3*T[6]*T[7]^2+T[2]*T[3]^5+T[5]^2;
123;3;[1, 4, 2];[[1,1,1,1,3,0,0],[0,1,1,1,3,1,1]];[6,6];[1,2];10;T[1]^6*T[6]^5*T[7]+T[3]^3*T[4]^3+T[5]^2;
124;3;[1, 4, 2];[[1,1,1,1,3,0,0],[0,1,1,1,3,1,1]];[6,6];[1,2];10;T[1]^5*T[3]*T[6]*T[7]^4+T[2]*T[4]^5+T[5]^2;
125;3;[1, 4, 2];[[1,1,1,1,3,0,0],[0,1,1,1,3,1,1]];[6,6];[1,2];10;T[1]^6*T[6]^3*T[7]^3+T[2]^2*T[3]^3*T[4]+T[5]^2;
126;3;[1, 4, 2];[[1,1,1,1,3,0,0],[0,1,1,1,3,1,1]];[6,6];[1,2];10;T[1]^6*T[6]*T[7]^5+T[2]^4*T[3]*T[4]+T[5]^2;
127;3;[1, 4, 2];[[1,1,1,1,3,0,0],[0,1,1,1,3,1,1]];[6,6];[1,2];10;T[1]^5*T[4]*T[6]^2*T[7]^3+T[2]^3*T[3]^3+T[5]^2;
128;3;[1, 4, 2];[[1,1,1,1,3,0,0],[0,1,1,1,3,1,1]];[6,6];[1,2];10;T[1]^2*T[4]^4*T[6]*T[7]+T[2]^3*T[3]^3+T[5]^2;
129;3;[1, 4, 2];[[1,1,1,1,3,0,0],[0,1,1,1,3,1,1]];[6,6];[1,2];10;T[1]*T[4]^5*T[7]+T[2]^3*T[3]^3+T[5]^2;
130;3;[1, 4, 2];[[1,1,1,2,3,0,0],[0,1,1,2,3,1,1]];[6,6];[2,3];48;T[1]^4*T[3]^2*T[6]*T[7]^3+T[4]^3+T[5]^2;
131;3;[1, 4, 2];[[1,1,1,2,3,0,0],[0,1,1,2,3,1,1]];[6,6];[2,3];48;T[1]^4*T[2]*T[3]*T[6]*T[7]^3+T[4]^3+T[5]^2;
132;3;[1, 4, 2];[[1,1,1,2,3,0,0],[0,1,1,2,3,1,1]];[6,6];[2,3];48;T[1]^3*T[2]^2*T[3]*T[6]^3+T[4]^3+T[5]^2;
133;3;[1, 4, 2];[[1,1,1,2,3,0,0],[0,1,1,2,3,1,1]];[6,6];[2,3];48;T[1]^2*T[2]*T[3]^3*T[6]*T[7]+T[4]^3+T[5]^2;
134;3;[1, 4, 2];[[1,1,1,2,3,0,0],[0,1,1,2,3,1,1]];[6,6];[2,3];48;T[1]*T[2]^4*T[3]*T[6]+T[4]^3+T[5]^2;
135;3;[1, 4, 2];[[1,1,1,2,3,0,0],[0,1,1,2,3,1,1]];[6,6];[2,3];48;T[1]^4*T[2]*T[3]*T[6]^4+T[4]^3+T[5]^2;
136;3;[1, 4, 2];[[1,1,1,2,3,0,0],[0,1,1,2,3,1,1]];[6,6];[2,3];48;T[1]*T[2]^2*T[3]^3*T[7]+T[4]^3+T[5]^2;
137;3;[1, 4, 2];[[1,1,1,2,3,0,0],[0,1,1,2,3,1,1]];[6,6];[2,3];48;T[1]^2*T[2]^4*T[6]*T[7]+T[4]^3+T[5]^2;
138;3;[1, 4, 2];[[1,1,1,2,3,0,0],[0,1,1,2,3,1,1]];[6,6];[2,3];48;T[2]^5*T[3]+T[4]^3+T[5]^2;
139;3;[1, 4, 2];[[1,1,1,2,3,0,0],[0,1,1,2,3,1,1]];[6,6];[2,3];48;T[1]^2*T[2]*T[3]^3*T[6]^2+T[4]^3+T[5]^2;
140;3;[1, 4, 2];[[1,1,1,2,3,0,0],[0,1,1,2,3,1,1]];[6,6];[2,3];48;T[1]^5*T[3]*T[6]*T[7]^4+T[4]^3+T[5]^2;
141;3;[1, 4, 2];[[1,1,1,2,3,0,0],[0,1,1,2,3,1,1]];[6,6];[2,3];48;T[1]^3*T[2]^3*T[6]*T[7]^2+T[4]^3+T[5]^2;
142;3;[1, 4, 2];[[1,1,1,2,3,0,0],[0,1,1,2,3,1,1]];[6,6];[2,3];48;T[1]^5*T[3]*T[6]^5+T[4]^3+T[5]^2;
143;3;[1, 4, 2];[[1,1,1,2,3,0,0],[0,1,1,2,3,1,1]];[6,6];[2,3];48;T[1]^6*T[6]^5*T[7]+T[4]^3+T[5]^2;
144;3;[1, 4, 2];[[1,1,1,2,3,0,0],[0,1,1,2,3,1,1]];[6,6];[2,3];48;T[1]^4*T[2]*T[3]*T[6]^2*T[7]^2+T[4]^3+T[5]^2;
145;3;[1, 4, 2];[[1,1,1,2,3,0,0],[0,1,1,2,3,1,1]];[6,6];[2,3];48;T[1]^5*T[2]*T[6]^2*T[7]^3+T[4]^3+T[5]^2;
146;3;[1, 4, 2];[[1,1,1,2,3,0,0],[0,1,1,2,3,1,1]];[6,6];[2,3];48;T[1]*T[3]^5*T[6]+T[4]^3+T[5]^2;
147;3;[1, 4, 2];[[1,1,1,2,3,0,0],[0,1,1,2,3,1,1]];[6,6];[2,3];48;T[1]^3*T[2]*T[3]^2*T[6]^2*T[7]+T[4]^3+T[5]^2;
148;3;[1, 4, 2];[[1,1,1,2,3,0,0],[0,1,1,2,3,1,1]];[6,6];[2,3];48;T[1]^2*T[2]^2*T[3]^2*T[6]*T[7]+T[4]^3+T[5]^2;
149;3;[1, 3, 3];[[1,1,1,1,0,0,0],[0,1,1,1,1,1,1]];[2,2];[2,4];352;T[1]^2*T[5]*T[6]+T[2]^2+T[3]*T[4];
150;3;[1, 3, 3];[[1,1,1,1,0,0,0],[0,1,1,1,1,1,1]];[3,3];[1,3];99;T[1]^3*T[5]*T[6]^2+T[2]^3+T[3]*T[4]^2;
151;3;[1, 3, 3];[[1,1,1,1,0,0,0],[0,1,1,1,1,1,1]];[3,3];[1,3];99;T[1]^3*T[5]*T[6]*T[7]+T[2]*T[4]^2+T[3]^3;
152;3;[1, 3, 3];[[1,1,1,1,0,0,0],[0,2,2,2,1,1,1]];[2,4];[2,5];304;T[1]^2*T[5]*T[6]^3+T[2]*T[4]+T[3]^2;
153;3;[1, 3, 3];[[1,1,1,1,0,0,0],[0,2,2,2,1,1,1]];[2,4];[2,5];304;T[1]^2*T[5]*T[6]^2*T[7]+T[2]*T[3]+T[4]^2;
154;3;[1, 3, 3];[[1,1,1,1,0,0,0],[0,2,2,2,1,1,1]];[3,6];[1,3];54;T[1]^3*T[5]^2*T[6]*T[7]^3+T[2]^2*T[4]+T[3]^3;
155;3;[1, 3, 3];[[1,1,1,1,0,0,0],[0,2,2,2,1,1,1]];[3,6];[1,3];54;T[1]^3*T[5]^2*T[7]^4+T[2]^3+T[3]^2*T[4];
156;3;[1, 3, 3];[[1,1,1,1,0,0,0],[0,2,2,2,1,1,1]];[3,6];[1,3];54;T[1]^3*T[5]^4*T[6]*T[7]+T[2]^3+T[3]^2*T[4];
157;3;[1, 3, 3];[[1,1,1,1,0,0,0],[0,2,2,2,1,1,1]];[3,6];[1,3];54;T[1]^3*T[6]*T[7]^5+T[2]^2*T[3]+T[4]^3;
158;3;[1, 3, 3];[[1,1,1,1,0,0,0],[0,2,2,2,1,1,1]];[3,6];[1,3];54;T[1]^3*T[5]^2*T[6]^2*T[7]^2+T[2]*T[3]^2+T[4]^3;
159;3;[1, 3, 3];[[1,1,1,2,0,0,0],[0,1,1,2,1,1,1]];[4,4];[1,3];66;T[1]^4*T[5]*T[7]^3+T[2]*T[3]^3+T[4]^2;
160;3;[1, 3, 3];[[1,1,1,2,0,0,0],[0,1,1,2,1,1,1]];[4,4];[1,3];66;T[1]^4*T[5]*T[6]*T[7]^2+T[2]^3*T[3]+T[4]^2;
161;3;[1, 3, 3];[[1,1,1,2,0,0,0],[0,2,2,4,1,1,1]];[4,8];[1,3];36;T[1]^4*T[5]^5*T[6]*T[7]^2+T[2]*T[3]^3+T[4]^2;
162;3;[1, 3, 3];[[1,1,1,2,0,0,0],[0,2,2,4,1,1,1]];[4,8];[1,3];36;T[1]^4*T[5]*T[6]^4*T[7]^3+T[2]^3*T[3]+T[4]^2;
163;3;[1, 3, 3];[[1,1,1,2,0,0,0],[0,2,2,4,1,1,1]];[4,8];[1,3];36;T[1]^4*T[5]^3*T[6]^5+T[2]*T[3]^3+T[4]^2;
164;3;[1, 3, 3];[[1,1,1,2,0,0,0],[0,2,2,4,1,1,1]];[4,8];[1,3];36;T[1]^4*T[5]^2*T[6]^3*T[7]^3+T[2]^3*T[3]+T[4]^2;
165;3;[1, 3, 3];[[1,1,1,2,0,0,0],[0,2,2,4,1,1,1]];[4,8];[1,3];36;T[1]^4*T[5]^7*T[7]+T[2]*T[3]^3+T[4]^2;
166;3;[1, 3, 3];[[1,1,1,2,0,0,0],[0,2,2,4,1,1,1]];[4,8];[1,3];36;T[1]^4*T[5]^6*T[6]*T[7]+T[2]*T[3]^3+T[4]^2;
167;3;[1, 3, 3];[[1,1,2,3,0,0,0],[0,1,2,3,1,1,1]];[6,6];[1,3];33;T[1]^6*T[5]*T[6]^2*T[7]^3+T[3]^3+T[4]^2;
168;3;[1, 3, 3];[[1,1,2,3,0,0,0],[0,1,2,3,1,1,1]];[6,6];[1,3];33;T[1]^6*T[6]^5*T[7]+T[3]^3+T[4]^2;
169;3;[1, 3, 3];[[1,1,2,3,0,0,0],[0,1,2,3,1,1,1]];[6,6];[1,3];33;T[1]*T[2]^5*T[7]+T[3]^3+T[4]^2;
170;3;[1, 3, 3];[[1,1,2,3,0,0,0],[0,1,2,3,1,1,1]];[6,6];[1,3];33;T[1]^3*T[2]^3*T[6]^2*T[7]+T[3]^3+T[4]^2;
171;3;[1, 3, 3];[[1,1,2,3,0,0,0],[0,1,2,3,1,1,1]];[6,6];[1,3];33;T[1]^5*T[2]*T[5]^3*T[6]*T[7]+T[3]^3+T[4]^2;
172;3;[1, 3, 3];[[1,1,2,3,0,0,0],[0,1,2,3,1,1,1]];[6,6];[1,3];33;T[1]^5*T[2]*T[5]^2*T[6]^3+T[3]^3+T[4]^2;
173;3;[1, 3, 3];[[1,1,2,3,0,0,0],[0,1,2,3,1,1,1]];[6,6];[1,3];33;T[1]^2*T[2]^4*T[5]*T[7]+T[3]^3+T[4]^2;
174;3;[1, 3, 3];[[1,1,2,3,0,0,0],[0,1,2,3,1,1,1]];[6,6];[1,3];33;T[1]^6*T[5]^4*T[6]*T[7]+T[3]^3+T[4]^2;
175;3;[1, 3, 3];[[1,1,2,3,0,0,0],[0,1,2,3,1,1,1]];[6,6];[1,3];33;T[1]^5*T[2]*T[5]^4*T[6]+T[3]^3+T[4]^2;
176;3;[1, 3, 3];[[1,1,2,3,0,0,0],[0,1,2,3,1,1,1]];[6,6];[1,3];33;T[1]^5*T[2]*T[5]^5+T[3]^3+T[4]^2;
177;3;[1, 3, 3];[[1,1,2,3,0,0,0],[0,1,2,3,1,1,1]];[6,6];[1,3];33;T[1]^4*T[2]^2*T[5]*T[6]^3+T[3]^3+T[4]^2;
178;3;[1, 3, 3];[[1,1,2,3,0,0,0],[0,1,2,3,1,1,1]];[6,6];[1,3];33;T[1]^5*T[2]*T[5]*T[6]^2*T[7]^2+T[3]^3+T[4]^2;
179;3;[1, 3, 3];[[1,1,2,3,0,0,0],[0,1,2,3,1,1,1]];[6,6];[1,3];33;T[1]^4*T[2]^2*T[5]*T[6]*T[7]^2+T[3]^3+T[4]^2;
180;3;[1, 3, 3];[[1,1,2,3,0,0,0],[0,1,2,3,1,1,1]];[6,6];[1,3];33;T[1]^3*T[2]^3*T[5]*T[6]*T[7]+T[3]^3+T[4]^2;
181;3;[1, 3, 3];[[1,1,2,3,0,0,0],[0,2,4,6,1,1,1]];[6,12];[1,3];18;T[1]*T[2]^5*T[5]^2+T[3]^3+T[4]^2;
182;3;[1, 3, 3];[[1,1,2,3,0,0,0],[0,2,4,6,1,1,1]];[6,12];[1,3];18;T[1]^6*T[6]^5*T[7]^7+T[3]^3+T[4]^2;
183;3;[1, 3, 3];[[1,1,2,3,0,0,0],[0,2,4,6,1,1,1]];[6,12];[1,3];18;T[1]^6*T[5]^5*T[6]^2*T[7]^5+T[3]^3+T[4]^2;
184;3;[1, 3, 3];[[1,1,2,3,0,0,0],[0,2,4,6,1,1,1]];[6,12];[1,3];18;T[1]^5*T[2]*T[5]^3*T[6]^5*T[7]^2+T[3]^3+T[4]^2;
185;3;[1, 3, 3];[[1,1,2,3,0,0,0],[0,2,4,6,1,1,1]];[6,12];[1,3];18;T[1]^5*T[2]*T[5]^9*T[7]+T[3]^3+T[4]^2;
186;3;[1, 3, 3];[[1,1,2,3,0,0,0],[0,2,4,6,1,1,1]];[6,12];[1,3];18;T[1]^5*T[2]*T[5]^3*T[6]^7+T[3]^3+T[4]^2;
187;3;[1, 3, 3];[[1,1,2,3,0,0,0],[0,2,4,6,1,1,1]];[6,12];[1,3];18;T[1]^3*T[2]^3*T[5]^3*T[6]*T[7]^2+T[3]^3+T[4]^2;
188;3;[1, 3, 3];[[1,1,2,3,0,0,0],[0,2,4,6,1,1,1]];[6,12];[1,3];18;T[1]^4*T[2]^2*T[5]*T[6]*T[7]^6+T[3]^3+T[4]^2;
189;3;[1, 3, 3];[[1,1,2,3,0,0,0],[0,2,4,6,1,1,1]];[6,12];[1,3];18;T[1]^6*T[5]^4*T[6]^3*T[7]^5+T[3]^3+T[4]^2;
190;3;[1, 3, 3];[[1,1,2,3,0,0,0],[0,2,4,6,1,1,1]];[6,12];[1,3];18;T[1]^3*T[2]^3*T[5]^4*T[6]*T[7]+T[3]^3+T[4]^2;
191;3;[1, 3, 3];[[1,1,2,3,0,0,0],[0,2,4,6,1,1,1]];[6,12];[1,3];18;T[1]^4*T[2]^2*T[5]^5*T[6]^3+T[3]^3+T[4]^2;
192;3;[1, 3, 3];[[1,1,2,3,0,0,0],[0,2,4,6,1,1,1]];[6,12];[1,3];18;T[1]^5*T[2]*T[5]^6*T[6]^2*T[7]^2+T[3]^3+T[4]^2;
193;3;[1, 3, 3];[[1,1,2,3,0,0,0],[0,2,4,6,1,1,1]];[6,12];[1,3];18;T[1]^3*T[2]^3*T[5]^5*T[7]+T[3]^3+T[4]^2;
194;3;[1, 3, 3];[[1,1,2,3,0,0,0],[0,2,4,6,1,1,1]];[6,12];[1,3];18;T[1]^6*T[5]^11*T[7]+T[3]^3+T[4]^2;
195;3;[1, 3, 3];[[1,1,2,3,0,0,0],[0,2,4,6,1,1,1]];[6,12];[1,3];18;T[1]^6*T[5]^7*T[6]^3*T[7]^2+T[3]^3+T[4]^2;
196;3;[1, 3, 3];[[1,1,2,3,0,0,0],[0,2,4,6,1,1,1]];[6,12];[1,3];18;T[1]^6*T[5]*T[6]^10*T[7]+T[3]^3+T[4]^2;
197;3;[1, 3, 3];[[1,1,2,3,0,0,0],[0,2,4,6,1,1,1]];[6,12];[1,3];18;T[1]^5*T[2]*T[5]^7*T[6]*T[7]^2+T[3]^3+T[4]^2;
198;3;[1, 3, 3];[[1,1,2,3,0,0,0],[0,2,4,6,1,1,1]];[6,12];[1,3];18;T[1]^2*T[2]^4*T[5]*T[6]^3+T[3]^3+T[4]^2;
199;3;[1, 3, 3];[[1,1,2,3,0,0,0],[0,2,4,6,1,1,1]];[6,12];[1,3];18;T[1]^6*T[5]*T[6]^7*T[7]^4+T[3]^3+T[4]^2;
200;3;[1, 3, 3];[[1,1,2,3,0,0,0],[0,2,4,6,1,1,1]];[6,12];[1,3];18;T[1]^6*T[5]^9*T[6]*T[7]^2+T[3]^3+T[4]^2;
201;3;[1, 3, 3];[[1,1,2,3,0,0,0],[0,2,4,6,1,1,1]];[6,12];[1,3];18;T[1]^4*T[2]^2*T[5]^2*T[6]^3*T[7]^3+T[3]^3+T[4]^2;
202;3;[1, 3, 3];[[1,1,2,3,0,0,0],[0,2,4,6,1,1,1]];[6,12];[1,3];18;T[1]^4*T[2]^2*T[5]^5*T[6]^2*T[7]+T[3]^3+T[4]^2;
203;3;[1, 3, 3];[[1,1,2,3,0,0,0],[0,2,4,6,1,1,1]];[6,12];[1,3];18;T[1]^6*T[5]^5*T[6]*T[7]^6+T[3]^3+T[4]^2;
204;3;[1, 3, 3];[[1,1,2,3,0,0,0],[0,2,4,6,1,1,1]];[6,12];[1,3];18;T[1]^5*T[2]*T[5]^3*T[6]^4*T[7]^3+T[3]^3+T[4]^2;
205;3;[1, 3, 3];[[1,1,2,3,0,0,0],[0,2,4,6,1,1,1]];[6,12];[1,3];18;T[1]^5*T[2]*T[5]^8*T[7]^2+T[3]^3+T[4]^2;
206;3;[1, 3, 3];[[1,1,2,3,0,0,0],[0,2,4,6,1,1,1]];[6,12];[1,3];18;T[1]^3*T[2]^3*T[5]^2*T[7]^4+T[3]^3+T[4]^2;
207;3;[1, 3, 3];[[1,1,2,3,0,0,0],[0,2,4,6,1,1,1]];[6,12];[1,3];18;T[1]^5*T[2]*T[5]^4*T[6]^5*T[7]+T[3]^3+T[4]^2;
208;3;[1, 3, 3];[[1,1,2,3,0,0,0],[0,2,4,6,1,1,1]];[6,12];[1,3];18;T[1]^5*T[2]*T[7]^10+T[3]^3+T[4]^2;
209;3;[1, 3, 3];[[1,1,2,3,0,0,0],[0,2,4,6,1,1,1]];[6,12];[1,3];18;T[1]^5*T[2]*T[5]^2*T[6]^4*T[7]^4+T[3]^3+T[4]^2;
210;3;[1, 3, 3];[[1,1,2,3,0,0,0],[0,2,4,6,1,1,1]];[6,12];[1,3];18;T[1]^5*T[2]*T[5]^3*T[6]^6*T[7]+T[3]^3+T[4]^2;
211;3;[1, 3, 3];[[1,1,2,3,0,0,0],[0,2,4,6,1,1,1]];[6,12];[1,3];18;T[1]*T[2]^5*T[6]*T[7]+T[3]^3+T[4]^2;
212;3;[1, 3, 3];[[1,1,2,3,0,0,0],[0,2,4,6,1,1,1]];[6,12];[1,3];18;T[1]^5*T[2]*T[5]^8*T[6]*T[7]+T[3]^3+T[4]^2;
213;3;[1, 3, 3];[[1,1,2,3,0,0,0],[0,2,4,6,1,1,1]];[6,12];[1,3];18;T[1]^4*T[2]^2*T[5]*T[6]^3*T[7]^4+T[3]^3+T[4]^2;
214;3;[1, 3, 3];[[1,1,2,3,0,0,0],[0,2,4,6,1,1,1]];[6,12];[1,3];18;T[1]^2*T[2]^4*T[5]*T[6]^2*T[7]+T[3]^3+T[4]^2;
215;3;[1, 3, 3];[[1,1,2,3,0,0,0],[0,2,4,6,1,1,1]];[6,12];[1,3];18;T[1]^4*T[2]^2*T[5]*T[6]^7+T[3]^3+T[4]^2;
216;3;[1, 3, 3];[[1,1,2,3,0,0,0],[0,2,4,6,1,1,1]];[6,12];[1,3];18;T[1]^5*T[2]*T[6]^5*T[7]^5+T[3]^3+T[4]^2;
217;3;[1, 3, 3];[[1,1,2,3,0,0,0],[0,2,4,6,1,1,1]];[6,12];[1,3];18;T[1]^5*T[2]*T[5]^6*T[6]^4+T[3]^3+T[4]^2;
218;3;[1, 3, 3];[[1,1,2,3,0,0,0],[0,2,4,6,1,1,1]];[6,12];[1,3];18;T[1]^6*T[5]*T[6]^8*T[7]^3+T[3]^3+T[4]^2;
219;3;[1, 3, 3];[[1,1,2,3,0,0,0],[0,2,4,6,1,1,1]];[6,12];[1,3];18;T[1]^3*T[2]^3*T[5]^2*T[6]^2*T[7]^2+T[3]^3+T[4]^2;
220;3;[5, 1, 1];[[1,1,1,2,3,1,0],[0,0,0,0,0,1,1]];[6,0];[3,2];80;T[1]^4*T[2]*T[3]+T[4]^3+T[5]^2;
221;3;[5, 1, 1];[[1,1,1,2,3,1,0],[0,0,0,0,0,1,1]];[6,0];[3,2];80;T[1]^5*T[3]+T[4]^3+T[5]^2;
222;3;[5, 1, 1];[[1,1,1,2,3,1,0],[0,0,0,0,0,1,1]];[6,0];[3,2];80;T[1]^3*T[2]^2*T[3]+T[4]^3+T[5]^2;
223;3;[5, 1, 1];[[1,1,1,1,2,1,0],[0,0,0,0,0,1,1]];[4,0];[3,2];160;T[1]*T[3]^3+T[2]^3*T[4]+T[5]^2;
224;3;[5, 1, 1];[[1,1,1,1,1,1,0],[0,0,0,0,0,1,1]];[3,0];[3,2];240;T[1]^2*T[4]+T[2]^2*T[5]+T[3]^3;
225;3;[5, 1, 1];[[1,1,1,1,1,1,0],[0,0,0,0,0,1,1]];[2,0];[4,2];480;T[1]*T[3]+T[2]*T[5]+T[4]^2;
226;3;[5, 1, 1];[[1,1,1,1,1,2,0],[0,0,0,0,0,1,1]];[2,0];[5,2];624;T[1]*T[3]+T[2]*T[5]+T[4]^2;
227;3;[3, 1, 3];[[1,1,1,1,0,0,0],[0,0,0,1,1,1,1]];[1,2];[3,2];352;T[1]*T[5]^2+T[2]*T[6]^2+T[3]*T[7]^2;
228;3;[3, 1, 3];[[1,1,1,1,0,0,0],[0,0,0,1,1,1,1]];[1,2];[3,2];352;T[1]*T[5]^2+T[2]*T[6]^2+T[4]*T[7];
229;3;[3, 1, 3];[[1,1,1,1,0,0,0],[0,0,0,1,1,1,1]];[1,3];[3,1];140;T[1]*T[5]^3+T[2]*T[6]^3+T[4]*T[7]^2;
230;3;[3, 1, 3];[[1,1,1,1,0,0,0],[0,0,0,1,1,1,1]];[2,3];[2,1];65;T[1]^2*T[5]^3+T[2]^2*T[6]^3+T[3]*T[4]*T[7]^2;
231;3;[3, 1, 3];[[1,1,1,1,0,0,0],[0,0,0,1,1,1,1]];[2,3];[2,1];65;T[1]^2*T[5]^3+T[2]^2*T[6]^3+T[4]^2*T[7];
232;3;[3, 1, 3];[[1,1,1,1,0,0,0],[0,0,0,1,1,1,1]];[2,3];[2,1];65;T[1]^2*T[5]^3+T[2]*T[3]*T[6]^3+T[4]^2*T[7]^2;
233;3;[3, 1, 3];[[1,1,1,2,0,0,0],[0,0,0,1,1,1,1]];[2,3];[3,1];122;T[1]^2*T[5]^3+T[2]^2*T[6]^3+T[4]*T[7]^2;
234;3;[3, 1, 3];[[1,1,1,2,0,0,0],[0,0,0,1,1,1,1]];[2,3];[3,1];122;T[1]^2*T[5]^3+T[2]*T[3]*T[6]^3+T[4]*T[7]^2;
235;3;[2, 2, 3];[[1,1,1,1,0,0,0],[0,0,1,1,1,1,1]];[1,3];[3,2];208;T[1]*T[5]^3+T[2]*T[6]^3+T[4]*T[7]^2;
236;3;[2, 2, 3];[[1,1,1,1,0,0,0],[0,0,1,1,1,1,1]];[1,3];[3,2];208;T[1]*T[5]^3+T[3]*T[6]^2+T[4]*T[7]^2;
237;3;[2, 1, 4];[[1,1,1,0,0,0,0],[0,0,1,1,1,1,1]];[1,4];[2,1];29;T[1]*T[4]^4+T[2]*T[6]^4+T[3]*T[7]^3;
238;3;[2, 1, 4];[[1,1,1,0,0,0,0],[0,0,1,1,1,1,1]];[1,4];[2,1];29;T[1]*T[4]^3*T[5]+T[2]*T[6]^4+T[3]*T[7]^3;
239;3;[2, 1, 4];[[1,1,1,0,0,0,0],[0,0,1,1,1,1,1]];[1,4];[2,1];29;T[1]*T[4]^2*T[5]^2+T[2]*T[6]^4+T[3]*T[7]^3;
240;3;[2, 1, 4];[[1,1,1,0,0,0,0],[0,0,1,1,1,1,1]];[1,4];[2,1];29;T[1]*T[4]^4+T[2]*T[5]^4+T[3]*T[6]*T[7]^2;
241;3;[2, 1, 4];[[1,1,1,0,0,0,0],[0,0,1,1,1,2,3]];[0,6];[3,2];80;T[4]^5*T[5]+T[6]^3+T[7]^2;
242;4;[1, 3, 1, 2];[[1,1,1,1,1,0,0],[-1,0,0,0,1,1,1]];[3,1];[2,1];113;T[2]*T[4]^2*T[7]+T[3]^3*T[6]+T[1]*T[5]^2;
243;4;[1, 3, 1, 2];[[1,1,1,1,1,0,0],[-1,0,0,0,1,1,1]];[3,1];[2,1];113;T[3]^3*T[6]+T[4]^3*T[7]+T[1]*T[5]^2;
244;4;[1, 3, 1, 2];[[1,1,1,1,1,0,0],[0,1,1,1,2,1,1]];[2,2];[3,5];433;T[1]*T[5]+T[2]*T[4]+T[3]^2;
245;4;[1, 3, 1, 2];[[1,1,1,1,1,0,0],[0,2,2,2,3,1,1]];[3,6];[2,5];145;T[1]*T[5]^2+T[2]^2*T[3]+T[4]^3;
246;4;[1, 2, 1, 3];[[1,1,1,1,0,0,0],[0,1,1,2,1,1,1]];[2,4];[2,3];144;T[1]^2*T[6]*T[7]^3+T[2]*T[3]*T[5]^2+T[4]^2;
247;4;[1, 2, 1, 3];[[1,1,1,1,0,0,0],[0,1,1,2,1,1,1]];[2,4];[2,3];144;T[1]*T[3]*T[6]^3+T[2]^2*T[5]*T[7]+T[4]^2;
248;4;[1, 2, 1, 3];[[1,1,1,2,0,0,0],[0,1,1,3,1,1,1]];[4,6];[1,2];22;T[1]^4*T[5]*T[7]^5+T[2]*T[3]^3*T[6]^2+T[4]^2;
249;4;[1, 2, 1, 3];[[1,1,1,2,0,0,0],[0,1,1,3,1,1,1]];[4,6];[1,2];22;T[1]*T[3]^3*T[6]^3+T[2]^4*T[5]*T[7]+T[4]^2;
250;4;[1, 2, 1, 3];[[1,1,1,2,0,0,0],[0,1,1,3,1,1,1]];[4,6];[1,2];22;T[1]^3*T[2]*T[7]^5+T[3]^4*T[5]*T[6]+T[4]^2;
251;4;[1, 2, 1, 3];[[1,1,1,2,0,0,0],[0,1,1,3,1,1,1]];[4,6];[1,2];22;T[1]^4*T[6]^3*T[7]^3+T[2]^3*T[3]*T[5]^2+T[4]^2;
252;4;[1, 4, 1, 1];[[1,1,1,1,1,1,0],[-1,0,0,0,0,1,1]];[2,0];[4,1];431;T[1]*T[6]+T[2]*T[4]+T[3]^2;
253;4;[1, 4, 1, 1];[[1,1,1,1,1,1,0],[-1,0,0,0,0,1,1]];[2,0];[4,1];431;T[1]*T[6]+T[2]*T[3]+T[4]*T[5];
254;4;[1, 4, 1, 1];[[1,1,1,1,1,1,0],[-1,0,0,0,0,1,1]];[4,0];[2,1];62;T[1]^2*T[6]^2+T[2]^3*T[4]+T[3]^3*T[5];
255;4;[1, 4, 1, 1];[[1,1,1,1,1,2,0],[-1,0,0,0,0,1,1]];[3,0];[4,1];376;T[2]^2*T[3]+T[4]^3+T[1]*T[6];
256;4;[1, 4, 1, 1];[[1,1,1,1,1,2,0],[-1,0,0,0,0,1,1]];[3,0];[4,1];376;T[2]*T[5]^2+T[3]^2*T[4]+T[1]*T[6];
257;4;[1, 4, 1, 1];[[1,1,1,1,1,2,0],[-1,0,0,0,0,1,1]];[3,0];[4,1];376;T[2]*T[3]*T[5]+T[4]^3+T[1]*T[6];
258;4;[1, 4, 1, 1];[[1,1,1,1,1,3,0],[-1,0,0,0,0,1,1]];[4,0];[4,1];341;T[2]^3*T[4]+T[3]^2*T[5]^2+T[1]*T[6];
259;4;[1, 4, 1, 1];[[1,1,1,1,1,3,0],[-1,0,0,0,0,1,1]];[4,0];[4,1];341;T[2]^3*T[3]+T[4]*T[5]^3+T[1]*T[6];
260;4;[1, 4, 1, 1];[[1,1,1,1,1,3,0],[-1,0,0,0,0,1,1]];[4,0];[4,1];341;T[2]^4+T[3]*T[4]^3+T[1]*T[6];
261;4;[1, 4, 1, 1];[[1,1,1,1,1,3,0],[-1,0,0,0,0,1,1]];[4,0];[4,1];341;T[2]*T[3]^2*T[5]+T[4]^4+T[1]*T[6];
262;4;[1, 4, 1, 1];[[1,1,1,1,3,1,0],[-1,0,0,0,0,1,1]];[6,0];[2,1];31;T[1]^3*T[6]^3+T[2]*T[3]*T[4]^4+T[5]^2;
263;4;[1, 4, 1, 1];[[1,1,1,1,3,1,0],[-1,0,0,0,0,1,1]];[6,0];[2,1];31;T[1]^3*T[6]^3+T[3]^5*T[4]+T[5]^2;
264;4;[1, 4, 1, 1];[[1,1,1,1,3,1,0],[-1,0,0,0,0,1,1]];[6,0];[2,1];31;T[1]^3*T[6]^3+T[2]*T[3]^3*T[4]^2+T[5]^2;
265;4;[3, 1, 2, 1];[[1,1,1,1,0,0,-1],[0,0,0,1,1,1,1]];[1,3];[2,1];83;T[3]^2*T[4]*T[7]^2+T[1]*T[5]^3+T[2]*T[6]^3;
266;4;[3, 1, 2, 1];[[1,1,1,1,0,0,-1],[0,0,0,1,1,1,1]];[1,3];[2,1];83;T[2]^4*T[7]^3+T[1]*T[5]^3+T[4]*T[6]^2;
267;4;[3, 1, 2, 1];[[1,1,1,1,0,0,-1],[0,0,0,1,1,1,1]];[1,3];[2,1];83;T[2]^4*T[7]^3+T[1]*T[5]^3+T[3]*T[6]^3;
268;4;[3, 1, 2, 1];[[1,1,1,1,0,0,-1],[0,0,0,1,1,1,1]];[1,3];[2,1];83;T[2]^3*T[3]*T[7]^3+T[1]*T[6]^3+T[4]*T[5]^2;
269;4;[3, 1, 2, 1];[[1,1,1,1,0,0,-1],[0,0,0,1,1,1,1]];[1,3];[2,1];83;T[1]^2*T[2]^2*T[7]^3+T[3]*T[6]^3+T[4]*T[5]^2;
270;4;[3, 1, 2, 1];[[1,1,1,1,0,0,-1],[0,0,0,1,1,1,1]];[1,3];[2,1];83;T[1]*T[5]^3+T[3]*T[6]^3+T[4]^2*T[7];
271;4;[3, 1, 2, 1];[[1,1,1,2,2,3,0],[0,0,0,1,2,3,1]];[6,6];[4,1];55;T[1]*T[2]*T[4]^2*T[7]^4+T[5]^3+T[6]^2;
272;4;[3, 1, 2, 1];[[1,1,1,2,2,3,0],[0,0,0,1,2,3,1]];[6,6];[4,1];55;T[1]^4*T[4]*T[7]^5+T[5]^3+T[6]^2;
273;4;[3, 1, 2, 1];[[1,1,1,2,2,3,0],[0,0,0,1,2,3,1]];[6,6];[4,1];55;T[1]^3*T[2]*T[4]*T[7]^5+T[5]^3+T[6]^2;
274;4;[3, 1, 2, 1];[[1,1,1,2,2,3,0],[0,0,0,1,2,3,1]];[6,6];[4,1];55;T[1]^2*T[2]^2*T[4]*T[7]^5+T[5]^3+T[6]^2;
275;4;[3, 1, 2, 1];[[1,1,1,2,2,3,0],[0,0,0,1,2,3,1]];[6,6];[4,1];55;T[1]^2*T[2]*T[3]*T[4]*T[7]^5+T[5]^3+T[6]^2;
276;4;[3, 1, 2, 1];[[1,1,1,3,2,3,0],[0,0,0,1,2,3,1]];[6,6];[5,1];83;T[1]^3*T[4]*T[7]^5+T[5]^3+T[6]^2;
277;4;[3, 1, 2, 1];[[1,1,1,3,2,3,0],[0,0,0,1,2,3,1]];[6,6];[5,1];83;T[1]^2*T[2]*T[4]*T[7]^5+T[5]^3+T[6]^2;
278;4;[3, 1, 2, 1];[[1,1,1,3,2,3,0],[0,0,0,1,2,3,1]];[6,6];[5,1];83;T[1]*T[2]*T[3]*T[4]*T[7]^5+T[5]^3+T[6]^2;
279;4;[3, 1, 2, 1];[[1,1,1,4,2,3,0],[0,0,0,1,2,3,1]];[6,6];[6,1];117;T[1]^2*T[4]*T[7]^5+T[5]^3+T[6]^2;
280;4;[3, 1, 2, 1];[[1,1,1,4,2,3,0],[0,0,0,1,2,3,1]];[6,6];[6,1];117;T[1]*T[2]*T[4]*T[7]^5+T[5]^3+T[6]^2;
281;4;[3, 1, 2, 1];[[1,1,1,5,2,3,0],[0,0,0,1,2,3,1]];[6,6];[7,1];157;T[1]*T[4]*T[7]^5+T[5]^3+T[6]^2;
282;4;[3, 1, 2, 1];[[1,1,1,6,2,3,0],[0,0,0,1,2,3,1]];[6,6];[8,1];203;T[4]*T[7]^5+T[5]^3+T[6]^2;
283;4;[3, 1, 2, 1];[[1,1,1,3,4,6,0],[0,0,0,1,2,3,1]];[12,6];[4,1];35;T[1]^2*T[2]*T[4]^3*T[7]^3+T[5]^3+T[6]^2;
284;4;[3, 1, 2, 1];[[1,1,1,3,4,6,0],[0,0,0,1,2,3,1]];[12,6];[4,1];35;T[1]*T[2]*T[3]*T[4]^3*T[7]^3+T[5]^3+T[6]^2;
285;4;[3, 1, 2, 1];[[1,1,1,3,4,6,0],[0,0,0,1,2,3,1]];[12,6];[4,1];35;T[1]^5*T[2]*T[4]^2*T[7]^4+T[5]^3+T[6]^2;
286;4;[3, 1, 2, 1];[[1,1,1,3,4,6,0],[0,0,0,1,2,3,1]];[12,6];[4,1];35;T[1]^3*T[2]^3*T[4]^2*T[7]^4+T[5]^3+T[6]^2;
287;4;[3, 1, 2, 1];[[1,1,1,3,4,6,0],[0,0,0,1,2,3,1]];[12,6];[4,1];35;T[1]^4*T[2]*T[3]*T[4]^2*T[7]^4+T[5]^3+T[6]^2;
288;4;[3, 1, 2, 1];[[1,1,1,3,4,6,0],[0,0,0,1,2,3,1]];[12,6];[4,1];35;T[1]^3*T[2]^2*T[3]*T[4]^2*T[7]^4+T[5]^3+T[6]^2;
289;4;[3, 1, 2, 1];[[1,1,1,3,4,6,0],[0,0,0,1,2,3,1]];[12,6];[4,1];35;T[1]^9*T[4]*T[7]^5+T[5]^3+T[6]^2;
290;4;[3, 1, 2, 1];[[1,1,1,3,4,6,0],[0,0,0,1,2,3,1]];[12,6];[4,1];35;T[1]^8*T[2]*T[4]*T[7]^5+T[5]^3+T[6]^2;
291;4;[3, 1, 2, 1];[[1,1,1,3,4,6,0],[0,0,0,1,2,3,1]];[12,6];[4,1];35;T[1]^7*T[2]^2*T[4]*T[7]^5+T[5]^3+T[6]^2;
292;4;[3, 1, 2, 1];[[1,1,1,3,4,6,0],[0,0,0,1,2,3,1]];[12,6];[4,1];35;T[1]^6*T[2]^3*T[4]*T[7]^5+T[5]^3+T[6]^2;
293;4;[3, 1, 2, 1];[[1,1,1,3,4,6,0],[0,0,0,1,2,3,1]];[12,6];[4,1];35;T[1]^5*T[2]^4*T[4]*T[7]^5+T[5]^3+T[6]^2;
294;4;[3, 1, 2, 1];[[1,1,1,3,4,6,0],[0,0,0,1,2,3,1]];[12,6];[4,1];35;T[1]^7*T[2]*T[3]*T[4]*T[7]^5+T[5]^3+T[6]^2;
295;4;[3, 1, 2, 1];[[1,1,1,3,4,6,0],[0,0,0,1,2,3,1]];[12,6];[4,1];35;T[1]^6*T[2]^2*T[3]*T[4]*T[7]^5+T[5]^3+T[6]^2;
296;4;[3, 1, 2, 1];[[1,1,1,3,4,6,0],[0,0,0,1,2,3,1]];[12,6];[4,1];35;T[1]^5*T[2]^3*T[3]*T[4]*T[7]^5+T[5]^3+T[6]^2;
297;4;[3, 1, 2, 1];[[1,1,1,3,4,6,0],[0,0,0,1,2,3,1]];[12,6];[4,1];35;T[1]^4*T[2]^4*T[3]*T[4]*T[7]^5+T[5]^3+T[6]^2;
298;4;[3, 1, 2, 1];[[1,1,1,3,4,6,0],[0,0,0,1,2,3,1]];[12,6];[4,1];35;T[1]^5*T[2]^2*T[3]^2*T[4]*T[7]^5+T[5]^3+T[6]^2;
299;4;[3, 1, 2, 1];[[1,1,1,3,4,6,0],[0,0,0,1,2,3,1]];[12,6];[4,1];35;T[1]^4*T[2]^3*T[3]^2*T[4]*T[7]^5+T[5]^3+T[6]^2;
300;4;[3, 1, 2, 1];[[1,1,1,3,4,6,0],[0,0,0,1,2,3,1]];[12,6];[4,1];35;T[1]^3*T[2]^3*T[3]^3*T[4]*T[7]^5+T[5]^3+T[6]^2;
301;4;[3, 1, 2, 1];[[1,1,1,4,4,6,0],[0,0,0,1,2,3,1]];[12,6];[5,1];58;T[1]^3*T[2]*T[4]^2*T[7]^4+T[5]^3+T[6]^2;
302;4;[3, 1, 2, 1];[[1,1,1,4,4,6,0],[0,0,0,1,2,3,1]];[12,6];[5,1];58;T[1]^2*T[2]*T[3]*T[4]^2*T[7]^4+T[5]^3+T[6]^2;
303;4;[3, 1, 2, 1];[[1,1,1,4,4,6,0],[0,0,0,1,2,3,1]];[12,6];[5,1];58;T[1]^8*T[4]*T[7]^5+T[5]^3+T[6]^2;
304;4;[3, 1, 2, 1];[[1,1,1,4,4,6,0],[0,0,0,1,2,3,1]];[12,6];[5,1];58;T[1]^7*T[2]*T[4]*T[7]^5+T[5]^3+T[6]^2;
305;4;[3, 1, 2, 1];[[1,1,1,4,4,6,0],[0,0,0,1,2,3,1]];[12,6];[5,1];58;T[1]^6*T[2]^2*T[4]*T[7]^5+T[5]^3+T[6]^2;
306;4;[3, 1, 2, 1];[[1,1,1,4,4,6,0],[0,0,0,1,2,3,1]];[12,6];[5,1];58;T[1]^5*T[2]^3*T[4]*T[7]^5+T[5]^3+T[6]^2;
307;4;[3, 1, 2, 1];[[1,1,1,4,4,6,0],[0,0,0,1,2,3,1]];[12,6];[5,1];58;T[1]^4*T[2]^4*T[4]*T[7]^5+T[5]^3+T[6]^2;
308;4;[3, 1, 2, 1];[[1,1,1,4,4,6,0],[0,0,0,1,2,3,1]];[12,6];[5,1];58;T[1]^6*T[2]*T[3]*T[4]*T[7]^5+T[5]^3+T[6]^2;
309;4;[3, 1, 2, 1];[[1,1,1,4,4,6,0],[0,0,0,1,2,3,1]];[12,6];[5,1];58;T[1]^5*T[2]^2*T[3]*T[4]*T[7]^5+T[5]^3+T[6]^2;
310;4;[3, 1, 2, 1];[[1,1,1,4,4,6,0],[0,0,0,1,2,3,1]];[12,6];[5,1];58;T[1]^4*T[2]^3*T[3]*T[4]*T[7]^5+T[5]^3+T[6]^2;
311;4;[3, 1, 2, 1];[[1,1,1,4,4,6,0],[0,0,0,1,2,3,1]];[12,6];[5,1];58;T[1]^4*T[2]^2*T[3]^2*T[4]*T[7]^5+T[5]^3+T[6]^2;
312;4;[3, 1, 2, 1];[[1,1,1,4,4,6,0],[0,0,0,1,2,3,1]];[12,6];[5,1];58;T[1]^3*T[2]^3*T[3]^2*T[4]*T[7]^5+T[5]^3+T[6]^2;
313;4;[3, 1, 2, 1];[[1,1,1,5,4,6,0],[0,0,0,1,2,3,1]];[12,6];[6,1];87;T[1]*T[2]*T[4]^2*T[7]^4+T[5]^3+T[6]^2;
314;4;[3, 1, 2, 1];[[1,1,1,5,4,6,0],[0,0,0,1,2,3,1]];[12,6];[6,1];87;T[1]^7*T[4]*T[7]^5+T[5]^3+T[6]^2;
315;4;[3, 1, 2, 1];[[1,1,1,5,4,6,0],[0,0,0,1,2,3,1]];[12,6];[6,1];87;T[1]^6*T[2]*T[4]*T[7]^5+T[5]^3+T[6]^2;
316;4;[3, 1, 2, 1];[[1,1,1,5,4,6,0],[0,0,0,1,2,3,1]];[12,6];[6,1];87;T[1]^5*T[2]^2*T[4]*T[7]^5+T[5]^3+T[6]^2;
317;4;[3, 1, 2, 1];[[1,1,1,5,4,6,0],[0,0,0,1,2,3,1]];[12,6];[6,1];87;T[1]^4*T[2]^3*T[4]*T[7]^5+T[5]^3+T[6]^2;
318;4;[3, 1, 2, 1];[[1,1,1,5,4,6,0],[0,0,0,1,2,3,1]];[12,6];[6,1];87;T[1]^5*T[2]*T[3]*T[4]*T[7]^5+T[5]^3+T[6]^2;
319;4;[3, 1, 2, 1];[[1,1,1,5,4,6,0],[0,0,0,1,2,3,1]];[12,6];[6,1];87;T[1]^4*T[2]^2*T[3]*T[4]*T[7]^5+T[5]^3+T[6]^2;
320;4;[3, 1, 2, 1];[[1,1,1,5,4,6,0],[0,0,0,1,2,3,1]];[12,6];[6,1];87;T[1]^3*T[2]^3*T[3]*T[4]*T[7]^5+T[5]^3+T[6]^2;
321;4;[3, 1, 2, 1];[[1,1,1,5,4,6,0],[0,0,0,1,2,3,1]];[12,6];[6,1];87;T[1]^3*T[2]^2*T[3]^2*T[4]*T[7]^5+T[5]^3+T[6]^2;
322;4;[3, 1, 2, 1];[[1,1,1,6,4,6,0],[0,0,0,1,2,3,1]];[12,6];[7,1];122;T[1]^6*T[4]*T[7]^5+T[5]^3+T[6]^2;
323;4;[3, 1, 2, 1];[[1,1,1,6,4,6,0],[0,0,0,1,2,3,1]];[12,6];[7,1];122;T[1]^5*T[2]*T[4]*T[7]^5+T[5]^3+T[6]^2;
324;4;[3, 1, 2, 1];[[1,1,1,6,4,6,0],[0,0,0,1,2,3,1]];[12,6];[7,1];122;T[1]^4*T[2]^2*T[4]*T[7]^5+T[5]^3+T[6]^2;
325;4;[3, 1, 2, 1];[[1,1,1,6,4,6,0],[0,0,0,1,2,3,1]];[12,6];[7,1];122;T[1]^3*T[2]^3*T[4]*T[7]^5+T[5]^3+T[6]^2;
326;4;[3, 1, 2, 1];[[1,1,1,6,4,6,0],[0,0,0,1,2,3,1]];[12,6];[7,1];122;T[1]^4*T[2]*T[3]*T[4]*T[7]^5+T[5]^3+T[6]^2;
327;4;[3, 1, 2, 1];[[1,1,1,6,4,6,0],[0,0,0,1,2,3,1]];[12,6];[7,1];122;T[1]^3*T[2]^2*T[3]*T[4]*T[7]^5+T[5]^3+T[6]^2;
328;4;[3, 1, 2, 1];[[1,1,1,6,4,6,0],[0,0,0,1,2,3,1]];[12,6];[7,1];122;T[1]^2*T[2]^2*T[3]^2*T[4]*T[7]^5+T[5]^3+T[6]^2;
329;4;[3, 1, 2, 1];[[1,1,1,7,4,6,0],[0,0,0,1,2,3,1]];[12,6];[8,1];163;T[1]^5*T[4]*T[7]^5+T[5]^3+T[6]^2;
330;4;[3, 1, 2, 1];[[1,1,1,7,4,6,0],[0,0,0,1,2,3,1]];[12,6];[8,1];163;T[1]^4*T[2]*T[4]*T[7]^5+T[5]^3+T[6]^2;
331;4;[3, 1, 2, 1];[[1,1,1,7,4,6,0],[0,0,0,1,2,3,1]];[12,6];[8,1];163;T[1]^3*T[2]^2*T[4]*T[7]^5+T[5]^3+T[6]^2;
332;4;[3, 1, 2, 1];[[1,1,1,7,4,6,0],[0,0,0,1,2,3,1]];[12,6];[8,1];163;T[1]^3*T[2]*T[3]*T[4]*T[7]^5+T[5]^3+T[6]^2;
333;4;[3, 1, 2, 1];[[1,1,1,7,4,6,0],[0,0,0,1,2,3,1]];[12,6];[8,1];163;T[1]^2*T[2]^2*T[3]*T[4]*T[7]^5+T[5]^3+T[6]^2;
334;4;[3, 1, 2, 1];[[1,1,1,8,4,6,0],[0,0,0,1,2,3,1]];[12,6];[9,1];210;T[1]^4*T[4]*T[7]^5+T[5]^3+T[6]^2;
335;4;[3, 1, 2, 1];[[1,1,1,8,4,6,0],[0,0,0,1,2,3,1]];[12,6];[9,1];210;T[1]^3*T[2]*T[4]*T[7]^5+T[5]^3+T[6]^2;
336;4;[3, 1, 2, 1];[[1,1,1,8,4,6,0],[0,0,0,1,2,3,1]];[12,6];[9,1];210;T[1]^2*T[2]^2*T[4]*T[7]^5+T[5]^3+T[6]^2;
337;4;[3, 1, 2, 1];[[1,1,1,8,4,6,0],[0,0,0,1,2,3,1]];[12,6];[9,1];210;T[1]^2*T[2]*T[3]*T[4]*T[7]^5+T[5]^3+T[6]^2;
338;4;[3, 1, 2, 1];[[1,1,1,9,4,6,0],[0,0,0,1,2,3,1]];[12,6];[10,1];263;T[1]^3*T[4]*T[7]^5+T[5]^3+T[6]^2;
339;4;[3, 1, 2, 1];[[1,1,1,9,4,6,0],[0,0,0,1,2,3,1]];[12,6];[10,1];263;T[1]^2*T[2]*T[4]*T[7]^5+T[5]^3+T[6]^2;
340;4;[3, 1, 2, 1];[[1,1,1,9,4,6,0],[0,0,0,1,2,3,1]];[12,6];[10,1];263;T[1]*T[2]*T[3]*T[4]*T[7]^5+T[5]^3+T[6]^2;
341;4;[3, 1, 2, 1];[[1,1,1,10,4,6,0],[0,0,0,1,2,3,1]];[12,6];[11,1];322;T[1]^2*T[4]*T[7]^5+T[5]^3+T[6]^2;
342;4;[3, 1, 2, 1];[[1,1,1,10,4,6,0],[0,0,0,1,2,3,1]];[12,6];[11,1];322;T[1]*T[2]*T[4]*T[7]^5+T[5]^3+T[6]^2;
343;4;[3, 1, 2, 1];[[1,1,1,11,4,6,0],[0,0,0,1,2,3,1]];[12,6];[12,1];387;T[1]*T[4]*T[7]^5+T[5]^3+T[6]^2;
344;4;[3, 1, 2, 1];[[1,1,1,12,4,6,0],[0,0,0,1,2,3,1]];[12,6];[13,1];458;T[4]*T[7]^5+T[5]^3+T[6]^2;
345;4;[3, 1, 1, 2];[[1,1,1,2,2,0,0],[0,0,0,1,2,1,1]];[4,4];[3,1];68;T[1]^3*T[2]*T[6]^4+T[3]^2*T[4]*T[7]^3+T[5]^2;
346;4;[3, 1, 1, 2];[[1,1,1,3,2,0,0],[0,0,0,1,2,1,1]];[4,4];[4,1];114;T[1]^3*T[2]*T[6]^4+T[3]*T[4]*T[7]^3+T[5]^2;
347;4;[3, 1, 1, 2];[[1,1,1,4,2,0,0],[0,0,0,1,2,1,1]];[4,4];[5,1];172;T[1]^3*T[2]*T[6]^4+T[4]*T[7]^3+T[5]^2;
348;4;[3, 1, 1, 2];[[1,1,1,4,2,0,0],[0,0,0,1,2,1,1]];[4,4];[5,1];172;T[1]^2*T[2]*T[3]*T[6]^4+T[4]*T[7]^3+T[5]^2;
349;4;[3, 1, 1, 2];[[1,1,1,2,1,0,0],[0,0,0,1,1,1,1]];[3,3];[3,1];102;T[1]^2*T[2]*T[6]^3+T[3]*T[4]*T[7]^2+T[5]^3;
350;4;[3, 1, 1, 2];[[1,1,1,3,1,0,0],[0,0,0,1,1,1,1]];[3,3];[4,1];171;T[1]^2*T[2]*T[6]^3+T[4]*T[7]^2+T[5]^3;
351;4;[3, 1, 1, 2];[[1,1,1,3,1,0,0],[0,0,0,1,1,1,1]];[3,3];[4,1];171;T[1]*T[2]*T[3]*T[6]^3+T[4]*T[7]^2+T[5]^3;
352;4;[2, 2, 2, 1];[[1,1,2,2,1,1,0],[0,0,1,1,1,1,1]];[5,4];[3,1];29;T[1]*T[6]^4+T[2]*T[4]^2*T[7]^2+T[3]*T[5]^3;
353;4;[2, 2, 2, 1];[[1,1,3,3,1,1,0],[0,0,1,1,1,1,1]];[6,4];[4,1];38;T[1]*T[2]*T[6]^4+T[3]*T[5]^3+T[4]^2*T[7]^2;
354;4;[2, 2, 2, 1];[[1,1,2,2,2,3,0],[0,0,1,1,2,3,1]];[6,6];[5,2];80;T[3]^2*T[4]*T[7]^3+T[5]^3+T[6]^2;
355;4;[2, 2, 2, 1];[[1,1,2,2,2,3,0],[0,0,1,1,2,3,1]];[6,6];[5,2];80;T[1]*T[2]*T[3]^2*T[7]^4+T[5]^3+T[6]^2;
356;4;[2, 2, 2, 1];[[1,1,2,2,2,3,0],[0,0,1,1,2,3,1]];[6,6];[5,2];80;T[1]^2*T[3]*T[4]*T[7]^4+T[5]^3+T[6]^2;
357;4;[2, 2, 2, 1];[[1,1,2,2,2,3,0],[0,0,1,1,2,3,1]];[6,6];[5,2];80;T[1]*T[2]*T[3]*T[4]*T[7]^4+T[5]^3+T[6]^2;
358;4;[2, 2, 2, 1];[[1,1,2,2,2,3,0],[0,0,1,1,2,3,1]];[6,6];[5,2];80;T[1]^4*T[3]*T[7]^5+T[5]^3+T[6]^2;
359;4;[2, 2, 2, 1];[[1,1,2,2,2,3,0],[0,0,1,1,2,3,1]];[6,6];[5,2];80;T[1]^3*T[2]*T[3]*T[7]^5+T[5]^3+T[6]^2;
360;4;[2, 2, 2, 1];[[1,1,2,2,2,3,0],[0,0,1,1,2,3,1]];[6,6];[5,2];80;T[1]^2*T[2]^2*T[3]*T[7]^5+T[5]^3+T[6]^2;
361;4;[2, 2, 2, 1];[[1,1,3,3,2,3,0],[0,0,1,1,2,3,1]];[6,6];[7,2];112;T[3]*T[4]*T[7]^4+T[5]^3+T[6]^2;
362;4;[2, 2, 2, 1];[[1,1,3,3,2,3,0],[0,0,1,1,2,3,1]];[6,6];[7,2];112;T[1]^3*T[3]*T[7]^5+T[5]^3+T[6]^2;
363;4;[2, 2, 2, 1];[[1,1,3,3,2,3,0],[0,0,1,1,2,3,1]];[6,6];[7,2];112;T[1]^2*T[2]*T[3]*T[7]^5+T[5]^3+T[6]^2;
364;4;[2, 2, 2, 1];[[1,1,4,4,2,3,0],[0,0,1,1,2,3,1]];[6,6];[9,2];144;T[1]^2*T[3]*T[7]^5+T[5]^3+T[6]^2;
365;4;[2, 2, 2, 1];[[1,1,4,4,2,3,0],[0,0,1,1,2,3,1]];[6,6];[9,2];144;T[1]*T[2]*T[3]*T[7]^5+T[5]^3+T[6]^2;
366;4;[2, 2, 2, 1];[[1,1,5,5,2,3,0],[0,0,1,1,2,3,1]];[6,6];[11,2];176;T[1]*T[3]*T[7]^5+T[5]^3+T[6]^2;
367;4;[2, 2, 2, 1];[[1,1,6,6,2,3,0],[0,0,1,1,2,3,1]];[6,6];[13,2];208;T[3]*T[7]^5+T[5]^3+T[6]^2;
368;4;[2, 2, 1, 2];[[1,1,2,2,1,0,0],[0,0,1,1,1,1,1]];[4,4];[3,1];32;T[1]^3*T[2]*T[6]^4+T[3]*T[4]*T[7]^2+T[5]^4;
369;4;[2, 2, 1, 2];[[1,1,1,1,1,0,0],[0,0,1,1,2,1,1]];[2,4];[3,2];128;T[1]*T[3]*T[6]^3+T[2]*T[4]*T[7]^3+T[5]^2;
370;4;[2, 2, 1, 2];[[1,1,2,2,1,0,0],[0,0,1,1,2,1,1]];[2,4];[5,2];192;T[3]*T[6]^3+T[4]*T[7]^3+T[5]^2;
371;4;[2, 2, 1, 2];[[1,1,1,1,2,0,0],[0,0,1,1,3,1,1]];[4,6];[2,1];12;T[1]^3*T[2]*T[6]^6+T[3]^3*T[4]*T[7]^2+T[5]^2;
372;4;[2, 2, 1, 2];[[1,1,1,1,2,0,0],[0,0,1,1,3,1,1]];[4,6];[2,1];12;T[1]*T[3]^3*T[6]^3+T[2]*T[4]^3*T[7]^3+T[5]^2;
373;4;[2, 2, 1, 2];[[1,1,1,1,2,0,0],[0,0,1,1,3,1,1]];[4,6];[2,1];12;T[1]^3*T[3]*T[6]^5+T[2]*T[4]^3*T[7]^3+T[5]^2;
374;4;[2, 2, 1, 2];[[1,1,2,2,3,0,0],[0,0,1,1,3,1,1]];[6,6];[3,1];16;T[1]*T[2]*T[3]^2*T[6]^4+T[4]^3*T[7]^3+T[5]^2;
375;4;[2, 2, 1, 2];[[1,1,2,2,3,0,0],[0,0,1,1,3,1,1]];[6,6];[3,1];16;T[1]^4*T[3]*T[6]^5+T[4]^3*T[7]^3+T[5]^2;
376;4;[2, 2, 1, 2];[[1,1,2,2,3,0,0],[0,0,1,1,3,1,1]];[6,6];[3,1];16;T[1]^3*T[2]*T[3]*T[6]^5+T[4]^3*T[7]^3+T[5]^2;
377;4;[2, 2, 1, 2];[[1,1,2,2,3,0,0],[0,0,1,1,3,1,1]];[6,6];[3,1];16;T[1]^2*T[2]^2*T[3]*T[6]^5+T[4]^3*T[7]^3+T[5]^2;
378;4;[2, 1, 3, 1];[[1,1,2,1,1,1,0],[0,0,1,1,1,1,1]];[4,4];[3,1];32;T[1]^2*T[3]*T[7]^3+T[4]^4+T[5]^3*T[6];
379;4;[2, 1, 3, 1];[[1,1,2,1,1,1,0],[0,0,1,1,1,1,1]];[4,4];[3,1];32;T[1]*T[2]*T[3]*T[7]^3+T[4]^4+T[5]^3*T[6];
380;4;[2, 1, 3, 1];[[1,1,3,1,1,1,0],[0,0,1,1,1,1,1]];[4,4];[4,1];44;T[1]*T[3]*T[7]^3+T[4]^4+T[5]^3*T[6];
381;4;[2, 1, 3, 1];[[1,1,4,1,1,1,0],[0,0,1,1,1,1,1]];[4,4];[5,1];56;T[3]*T[7]^3+T[4]^4+T[5]^3*T[6];
382;4;[2, 1, 3, 1];[[1,1,2,1,1,3,0],[0,0,1,1,1,3,1]];[6,6];[3,1];16;T[3]^3*T[7]^3+T[4]^5*T[5]+T[6]^2;
383;4;[2, 1, 3, 1];[[1,1,2,1,1,3,0],[0,0,1,1,1,3,1]];[6,6];[3,1];16;T[1]*T[2]*T[3]^2*T[7]^4+T[4]^5*T[5]+T[6]^2;
384;4;[2, 1, 3, 1];[[1,1,2,1,1,3,0],[0,0,1,1,1,3,1]];[6,6];[3,1];16;T[1]*T[2]*T[3]^2*T[7]^4+T[4]^3*T[5]^3+T[6]^2;
385;4;[2, 1, 3, 1];[[1,1,2,1,1,3,0],[0,0,1,1,1,3,1]];[6,6];[3,1];16;T[1]^4*T[3]*T[7]^5+T[4]^5*T[5]+T[6]^2;
386;4;[2, 1, 3, 1];[[1,1,2,1,1,3,0],[0,0,1,1,1,3,1]];[6,6];[3,1];16;T[1]^4*T[3]*T[7]^5+T[4]^3*T[5]^3+T[6]^2;
387;4;[2, 1, 3, 1];[[1,1,2,1,1,3,0],[0,0,1,1,1,3,1]];[6,6];[3,1];16;T[1]^3*T[2]*T[3]*T[7]^5+T[4]^5*T[5]+T[6]^2;
388;4;[2, 1, 3, 1];[[1,1,2,1,1,3,0],[0,0,1,1,1,3,1]];[6,6];[3,1];16;T[1]^3*T[2]*T[3]*T[7]^5+T[4]^3*T[5]^3+T[6]^2;
389;4;[2, 1, 3, 1];[[1,1,2,1,1,3,0],[0,0,1,1,1,3,1]];[6,6];[3,1];16;T[1]^2*T[2]^2*T[3]*T[7]^5+T[4]^5*T[5]+T[6]^2;
390;4;[2, 1, 3, 1];[[1,1,2,1,1,3,0],[0,0,1,1,1,3,1]];[6,6];[3,1];16;T[1]^2*T[2]^2*T[3]*T[7]^5+T[4]^3*T[5]^3+T[6]^2;
391;4;[2, 1, 3, 1];[[1,1,3,1,1,3,0],[0,0,1,1,1,3,1]];[6,6];[4,1];22;T[1]^3*T[3]*T[7]^5+T[4]^5*T[5]+T[6]^2;
392;4;[2, 1, 3, 1];[[1,1,3,1,1,3,0],[0,0,1,1,1,3,1]];[6,6];[4,1];22;T[1]^3*T[3]*T[7]^5+T[4]^3*T[5]^3+T[6]^2;
393;4;[2, 1, 3, 1];[[1,1,3,1,1,3,0],[0,0,1,1,1,3,1]];[6,6];[4,1];22;T[1]^2*T[2]*T[3]*T[7]^5+T[4]^5*T[5]+T[6]^2;
394;4;[2, 1, 3, 1];[[1,1,3,1,1,3,0],[0,0,1,1,1,3,1]];[6,6];[4,1];22;T[1]^2*T[2]*T[3]*T[7]^5+T[4]^3*T[5]^3+T[6]^2;
395;4;[2, 1, 3, 1];[[1,1,4,1,1,3,0],[0,0,1,1,1,3,1]];[6,6];[5,1];28;T[1]^2*T[3]*T[7]^5+T[4]^5*T[5]+T[6]^2;
396;4;[2, 1, 3, 1];[[1,1,4,1,1,3,0],[0,0,1,1,1,3,1]];[6,6];[5,1];28;T[1]^2*T[3]*T[7]^5+T[4]^3*T[5]^3+T[6]^2;
397;4;[2, 1, 3, 1];[[1,1,4,1,1,3,0],[0,0,1,1,1,3,1]];[6,6];[5,1];28;T[1]*T[2]*T[3]*T[7]^5+T[4]^5*T[5]+T[6]^2;
398;4;[2, 1, 3, 1];[[1,1,4,1,1,3,0],[0,0,1,1,1,3,1]];[6,6];[5,1];28;T[1]*T[2]*T[3]*T[7]^5+T[4]^3*T[5]^3+T[6]^2;
399;4;[2, 1, 3, 1];[[1,1,5,1,1,3,0],[0,0,1,1,1,3,1]];[6,6];[6,1];34;T[1]*T[3]*T[7]^5+T[4]^5*T[5]+T[6]^2;
400;4;[2, 1, 3, 1];[[1,1,5,1,1,3,0],[0,0,1,1,1,3,1]];[6,6];[6,1];34;T[1]*T[3]*T[7]^5+T[4]^3*T[5]^3+T[6]^2;
401;4;[2, 1, 3, 1];[[1,1,6,1,1,3,0],[0,0,1,1,1,3,1]];[6,6];[7,1];40;T[3]*T[7]^5+T[4]^5*T[5]+T[6]^2;
402;4;[2, 1, 3, 1];[[1,1,6,1,1,3,0],[0,0,1,1,1,3,1]];[6,6];[7,1];40;T[3]*T[7]^5+T[4]^3*T[5]^3+T[6]^2;
403;4;[2, 1, 1, 3];[[1,1,1,1,0,0,0],[0,0,1,3,1,1,1]];[2,6];[2,1];14;T[2]^2*T[5]^5*T[6]+T[1]*T[3]*T[7]^5+T[4]^2;
404;4;[2, 1, 1, 3];[[1,1,1,1,0,0,0],[0,0,1,3,1,1,1]];[2,6];[2,1];14;T[2]^2*T[5]^3*T[6]^3+T[1]*T[3]*T[7]^5+T[4]^2;
405;4;[2, 1, 1, 3];[[1,1,2,1,0,0,0],[0,0,1,3,1,1,1]];[2,6];[3,1];20;T[1]^2*T[5]^5*T[6]+T[3]*T[7]^5+T[4]^2;
406;4;[2, 1, 1, 3];[[1,1,2,1,0,0,0],[0,0,1,3,1,1,1]];[2,6];[3,1];20;T[1]^2*T[5]^3*T[6]^3+T[3]*T[7]^5+T[4]^2;
407;4;[2, 1, 1, 3];[[1,1,2,1,0,0,0],[0,0,1,3,1,1,1]];[2,6];[3,1];20;T[1]*T[2]*T[5]^6+T[3]*T[7]^5+T[4]^2;
408;4;[2, 1, 1, 3];[[1,1,2,1,0,0,0],[0,0,1,3,1,1,1]];[2,6];[3,1];20;T[1]*T[2]*T[5]^5*T[6]+T[3]*T[7]^5+T[4]^2;
409;4;[2, 1, 1, 3];[[1,1,2,1,0,0,0],[0,0,1,3,1,1,1]];[2,6];[3,1];20;T[1]*T[2]*T[5]^4*T[6]^2+T[3]*T[7]^5+T[4]^2;
410;4;[2, 1, 1, 3];[[1,1,2,1,0,0,0],[0,0,1,3,1,1,1]];[2,6];[3,1];20;T[1]*T[2]*T[5]^3*T[6]^3+T[3]*T[7]^5+T[4]^2;
411;5;[1, 2, 1, 1, 2];[[1,1,1,2,1,0,0],[0,1,1,3,2,1,1]];[4,6];[2,3];65;T[2]^3*T[3]*T[7]^2+T[1]*T[5]^3+T[4]^2;
412;5;[1, 2, 1, 1, 2];[[1,1,1,2,1,0,0],[0,1,1,3,2,1,1]];[4,6];[2,3];65;T[2]^3*T[3]*T[6]*T[7]+T[1]*T[5]^3+T[4]^2;
413;5;[1, 2, 1, 1, 2];[[1,1,1,2,1,0,0],[0,1,1,3,2,1,1]];[4,6];[2,3];65;T[2]^4*T[6]*T[7]+T[1]*T[5]^3+T[4]^2;
414;5;[1, 2, 1, 1, 2];[[1,1,1,2,1,0,0],[0,1,1,3,2,1,1]];[4,6];[2,3];65;T[2]^2*T[3]^2*T[6]*T[7]+T[1]*T[5]^3+T[4]^2;
415;5;[3, 1, 1, 1, 1];[[1,1,1,2,3,1,0],[0,0,0,1,2,1,1]];[6,4];[3,1];50;T[3]^4*T[4]*T[7]^3+T[1]*T[2]*T[6]^4+T[5]^2;
416;5;[3, 1, 1, 1, 1];[[1,1,1,2,3,1,0],[0,0,0,1,2,1,1]];[6,4];[3,1];50;T[1]*T[2]*T[6]^4+T[4]^3*T[7]+T[5]^2;
417;5;[3, 1, 1, 1, 1];[[1,1,1,2,3,1,0],[0,0,0,1,2,1,1]];[6,4];[3,1];50;T[1]^5*T[2]*T[7]^4+T[3]*T[4]*T[6]^3+T[5]^2;
418;5;[3, 1, 1, 1, 1];[[1,1,1,2,3,1,0],[0,0,0,1,2,1,1]];[6,4];[3,1];50;T[1]^3*T[2]^3*T[7]^4+T[3]*T[4]*T[6]^3+T[5]^2;
419;5;[3, 1, 1, 1, 1];[[1,1,1,3,3,1,0],[0,0,0,1,2,1,1]];[6,4];[4,1];90;T[3]^3*T[4]*T[7]^3+T[1]*T[2]*T[6]^4+T[5]^2;
420;5;[3, 1, 1, 1, 1];[[1,1,1,3,3,1,0],[0,0,0,1,2,1,1]];[6,4];[4,1];90;T[1]^5*T[2]*T[7]^4+T[4]*T[6]^3+T[5]^2;
421;5;[3, 1, 1, 1, 1];[[1,1,1,3,3,1,0],[0,0,0,1,2,1,1]];[6,4];[4,1];90;T[1]^4*T[2]*T[3]*T[7]^4+T[4]*T[6]^3+T[5]^2;
422;5;[3, 1, 1, 1, 1];[[1,1,1,3,3,1,0],[0,0,0,1,2,1,1]];[6,4];[4,1];90;T[1]^3*T[2]^2*T[3]*T[7]^4+T[4]*T[6]^3+T[5]^2;
423;5;[3, 1, 1, 1, 1];[[1,1,1,4,3,1,0],[0,0,0,1,2,1,1]];[6,4];[5,1];142;T[1]*T[2]*T[6]^4+T[3]^2*T[4]*T[7]^3+T[5]^2;
424;5;[3, 1, 1, 1, 1];[[1,1,1,5,3,1,0],[0,0,0,1,2,1,1]];[6,4];[6,1];206;T[1]*T[2]*T[6]^4+T[3]*T[4]*T[7]^3+T[5]^2;
425;5;[3, 1, 1, 1, 1];[[1,1,1,6,3,1,0],[0,0,0,1,2,1,1]];[6,4];[7,1];282;T[1]*T[2]*T[6]^4+T[4]*T[7]^3+T[5]^2;
426;5;[2, 2, 1, 1, 1];[[1,1,2,2,4,1,0],[0,0,1,1,3,1,1]];[8,6];[3,1];14;T[1]*T[2]*T[6]^6+T[3]^3*T[4]*T[7]^2+T[5]^2;
427;5;[2, 2, 1, 1, 1];[[1,1,2,2,4,1,0],[0,0,1,1,3,1,1]];[8,6];[3,1];14;T[2]^2*T[4]^3*T[7]^3+T[1]*T[3]*T[6]^5+T[5]^2;
428;5;[2, 2, 1, 1, 1];[[1,1,3,3,5,1,0],[0,0,1,1,3,1,1]];[10,6];[4,1];18;T[1]^2*T[3]*T[6]^5+T[2]*T[4]^3*T[7]^3+T[5]^2;
429;5;[2, 2, 1, 1, 1];[[1,1,4,4,6,1,0],[0,0,1,1,3,1,1]];[12,6];[5,1];22;T[1]^3*T[3]*T[6]^5+T[4]^3*T[7]^3+T[5]^2;
430;5;[2, 2, 1, 1, 1];[[1,1,4,4,6,1,0],[0,0,1,1,3,1,1]];[12,6];[5,1];22;T[1]^2*T[2]*T[3]*T[6]^5+T[4]^3*T[7]^3+T[5]^2;
431;5;[2, 2, 1, 1, 1];[[1,1,4,4,7,2,0],[0,0,1,1,3,1,1]];[14,6];[5,1];20;T[2]^2*T[4]^3*T[7]^3+T[3]*T[6]^5+T[5]^2;
432;5;[2, 2, 1, 1, 1];[[1,1,4,4,7,2,0],[0,0,1,1,3,1,1]];[14,6];[5,1];20;T[1]*T[2]*T[4]^3*T[7]^3+T[3]*T[6]^5+T[5]^2;
433;5;[2, 2, 1, 1, 1];[[1,1,5,5,8,2,0],[0,0,1,1,3,1,1]];[16,6];[6,1];24;T[1]*T[3]*T[6]^5+T[2]*T[4]^3*T[7]^3+T[5]^2;
434;5;[2, 2, 1, 1, 1];[[1,1,6,6,9,2,0],[0,0,1,1,3,1,1]];[18,6];[7,1];28;T[1]^2*T[3]*T[6]^5+T[4]^3*T[7]^3+T[5]^2;
435;5;[2, 2, 1, 1, 1];[[1,1,6,6,9,2,0],[0,0,1,1,3,1,1]];[18,6];[7,1];28;T[1]*T[2]*T[3]*T[6]^5+T[4]^3*T[7]^3+T[5]^2;
436;5;[2, 2, 1, 1, 1];[[1,1,7,7,11,3,0],[0,0,1,1,3,1,1]];[22,6];[8,1];30;T[2]*T[4]^3*T[7]^3+T[3]*T[6]^5+T[5]^2;
437;5;[2, 2, 1, 1, 1];[[1,1,8,8,12,3,0],[0,0,1,1,3,1,1]];[24,6];[9,1];34;T[1]*T[3]*T[6]^5+T[4]^3*T[7]^3+T[5]^2;
438;5;[2, 2, 1, 1, 1];[[1,1,10,10,15,4,0],[0,0,1,1,3,1,1]];[30,6];[11,1];40;T[3]*T[6]^5+T[4]^3*T[7]^3+T[5]^2;
439;5;[2, 1, 1, 1, 2];[[1,1,3,2,3,0,0],[0,0,1,1,3,1,1]];[6,6];[4,1];22;T[1]^3*T[3]*T[6]^5+T[4]^3*T[7]^3+T[5]^2;
440;5;[2, 1, 1, 1, 2];[[1,1,3,2,3,0,0],[0,0,1,1,3,1,1]];[6,6];[4,1];22;T[1]^2*T[2]*T[3]*T[6]^5+T[4]^3*T[7]^3+T[5]^2;
441;5;[2, 1, 1, 1, 2];[[1,1,4,2,3,0,0],[0,0,1,1,3,1,1]];[6,6];[5,1];28;T[1]^2*T[3]*T[6]^5+T[4]^3*T[7]^3+T[5]^2;
442;5;[2, 1, 1, 1, 2];[[1,1,4,2,3,0,0],[0,0,1,1,3,1,1]];[6,6];[5,1];28;T[1]*T[2]*T[3]*T[6]^5+T[4]^3*T[7]^3+T[5]^2;
443;5;[2, 1, 1, 1, 2];[[1,1,5,2,3,0,0],[0,0,1,1,3,1,1]];[6,6];[6,1];34;T[1]*T[3]*T[6]^5+T[4]^3*T[7]^3+T[5]^2;
444;5;[2, 1, 1, 1, 2];[[1,1,6,2,3,0,0],[0,0,1,1,3,1,1]];[6,6];[7,1];40;T[3]*T[6]^5+T[4]^3*T[7]^3+T[5]^2;
445;5;[2, 1, 1, 1, 2];[[1,1,3,1,2,0,0],[0,0,1,1,3,1,1]];[4,6];[4,1];24;T[1]*T[3]*T[6]^5+T[2]*T[4]^3*T[7]^3+T[5]^2;
446;5;[2, 1, 1, 1, 2];[[1,1,4,1,2,0,0],[0,0,1,1,3,1,1]];[4,6];[5,1];30;T[2]*T[4]^3*T[7]^3+T[3]*T[6]^5+T[5]^2;
447;5;[2, 1, 1, 1, 2];[[1,1,2,1,2,0,0],[0,0,1,1,3,1,1]];[4,6];[3,1];18;T[1]^3*T[2]*T[6]^6+T[3]*T[4]^2*T[7]^3+T[5]^2;